เขต,เครือข่าย,ประเภท,รหัสหน่วยบริการ,ชื่อหน่วยบริการ,วัคซีน,Measure Names,Measure Values
เขต 7 ขอนแก่น,10709,แม่ข่าย,10709,รพ.กาฬสินธุ์,V12:ฉีดวัคซีนป้องกันโรคไข้หวัดใหญ่ตามฤดูกาล(กลุ่มพิเศษ),ฉีด,0
เขต 7 ขอนแก่น,10709,แม่ข่าย,10709,รพ.กาฬสินธุ์,V11:ฉีดวัคซีนป้องกันโรคป้องกันโรคไข้หวัดใหญ่ตามฤดูกาล(7กลุ่มเสี่ยง),ฉีด,442
เขต 7 ขอนแก่น,10709,แม่ข่าย,10709,รพ.กาฬสินธุ์,V12:ฉีดวัคซีนป้องกันโรคไข้หวัดใหญ่ตามฤดูกาล(กลุ่มพิเศษ),เป้าหมาย(รายหน่วย),0
เขต 7 ขอนแก่น,10709,แม่ข่าย,10709,รพ.กาฬสินธุ์,V11:ฉีดวัคซีนป้องกันโรคป้องกันโรคไข้หวัดใหญ่ตามฤดูกาล(7กลุ่มเสี่ยง),เป้าหมาย(รายหน่วย),3160
เขต 7 ขอนแก่น,10709,แม่ข่าย,10709,รพ.กาฬสินธุ์,V12:ฉีดวัคซีนป้องกันโรคไข้หวัดใหญ่ตามฤดูกาล(กลุ่มพิเศษ),เป้าหมาย(ทั้งหมด),4560
เขต 7 ขอนแก่น,10709,แม่ข่าย,10709,รพ.กาฬสินธุ์,V11:ฉีดวัคซีนป้องกันโรคป้องกันโรคไข้หวัดใหญ่ตามฤดูกาล(7กลุ่มเสี่ยง),เป้าหมาย(ทั้งหมด),12000
เขต 7 ขอนแก่น,10709,ลูกข่าย,05291,รพ.สต.บ้านต้อน,V11:ฉีดวัคซีนป้องกันโรคป้องกันโรคไข้หวัดใหญ่ตามฤดูกาล(7กลุ่มเสี่ยง),ฉีด,29
เขต 7 ขอนแก่น,10709,ลูกข่าย,05291,รพ.สต.บ้านต้อน,V11:ฉีดวัคซีนป้องกันโรคป้องกันโรคไข้หวัดใหญ่ตามฤดูกาล(7กลุ่มเสี่ยง),เป้าหมาย(รายหน่วย),400
เขต 7 ขอนแก่น,10709,ลูกข่าย,05291,รพ.สต.บ้านต้อน,V11:ฉีดวัคซีนป้องกันโรคป้องกันโรคไข้หวัดใหญ่ตามฤดูกาล(7กลุ่มเสี่ยง),เป้าหมาย(ทั้งหมด),0
เขต 7 ขอนแก่น,10709,ลูกข่าย,05292,รพ.สต.โนนสว่าง,V11:ฉีดวัคซีนป้องกันโรคป้องกันโรคไข้หวัดใหญ่ตามฤดูกาล(7กลุ่มเสี่ยง),ฉีด,4
เขต 7 ขอนแก่น,10709,ลูกข่าย,05292,รพ.สต.โนนสว่าง,V11:ฉีดวัคซีนป้องกันโรคป้องกันโรคไข้หวัดใหญ่ตามฤดูกาล(7กลุ่มเสี่ยง),เป้าหมาย(รายหน่วย),750
เขต 7 ขอนแก่น,10709,ลูกข่าย,05292,รพ.สต.โนนสว่าง,V11:ฉีดวัคซีนป้องกันโรคป้องกันโรคไข้หวัดใหญ่ตามฤดูกาล(7กลุ่มเสี่ยง),เป้าหมาย(ทั้งหมด),0
เขต 7 ขอนแก่น,10709,ลูกข่าย,05293,รพ.สต.บ้านหนองโพน,V11:ฉีดวัคซีนป้องกันโรคป้องกันโรคไข้หวัดใหญ่ตามฤดูกาล(7กลุ่มเสี่ยง),ฉีด,336
เขต 7 ขอนแก่น,10709,ลูกข่าย,05293,รพ.สต.บ้านหนองโพน,V11:ฉีดวัคซีนป้องกันโรคป้องกันโรคไข้หวัดใหญ่ตามฤดูกาล(7กลุ่มเสี่ยง),เป้าหมาย(รายหน่วย),350
เขต 7 ขอนแก่น,10709,ลูกข่าย,05293,รพ.สต.บ้านหนองโพน,V11:ฉีดวัคซีนป้องกันโรคป้องกันโรคไข้หวัดใหญ่ตามฤดูกาล(7กลุ่มเสี่ยง),เป้าหมาย(ทั้งหมด),0
เขต 7 ขอนแก่น,10709,ลูกข่าย,05294,รพ.สต.บ้านหนองสอ,V11:ฉีดวัคซีนป้องกันโรคป้องกันโรคไข้หวัดใหญ่ตามฤดูกาล(7กลุ่มเสี่ยง),ฉีด,312
เขต 7 ขอนแก่น,10709,ลูกข่าย,05294,รพ.สต.บ้านหนองสอ,V11:ฉีดวัคซีนป้องกันโรคป้องกันโรคไข้หวัดใหญ่ตามฤดูกาล(7กลุ่มเสี่ยง),เป้าหมาย(รายหน่วย),500
เขต 7 ขอนแก่น,10709,ลูกข่าย,05294,รพ.สต.บ้านหนองสอ,V11:ฉีดวัคซีนป้องกันโรคป้องกันโรคไข้หวัดใหญ่ตามฤดูกาล(7กลุ่มเสี่ยง),เป้าหมาย(ทั้งหมด),0
เขต 7 ขอนแก่น,10709,ลูกข่าย,05295,รพ.สต.บ้านสะอาดนาทม,V11:ฉีดวัคซีนป้องกันโรคป้องกันโรคไข้หวัดใหญ่ตามฤดูกาล(7กลุ่มเสี่ยง),ฉีด,0
เขต 7 ขอนแก่น,10709,ลูกข่าย,05295,รพ.สต.บ้านสะอาดนาทม,V11:ฉีดวัคซีนป้องกันโรคป้องกันโรคไข้หวัดใหญ่ตามฤดูกาล(7กลุ่มเสี่ยง),เป้าหมาย(รายหน่วย),200
เขต 7 ขอนแก่น,10709,ลูกข่าย,05295,รพ.สต.บ้านสะอาดนาทม,V11:ฉีดวัคซีนป้องกันโรคป้องกันโรคไข้หวัดใหญ่ตามฤดูกาล(7กลุ่มเสี่ยง),เป้าหมาย(ทั้งหมด),0
เขต 7 ขอนแก่น,10709,ลูกข่าย,05296,รพ.สต.บ้านฝายแตก,V11:ฉีดวัคซีนป้องกันโรคป้องกันโรคไข้หวัดใหญ่ตามฤดูกาล(7กลุ่มเสี่ยง),ฉีด,0
เขต 7 ขอนแก่น,10709,ลูกข่าย,05296,รพ.สต.บ้านฝายแตก,V11:ฉีดวัคซีนป้องกันโรคป้องกันโรคไข้หวัดใหญ่ตามฤดูกาล(7กลุ่มเสี่ยง),เป้าหมาย(รายหน่วย),300
เขต 7 ขอนแก่น,10709,ลูกข่าย,05296,รพ.สต.บ้านฝายแตก,V11:ฉีดวัคซีนป้องกันโรคป้องกันโรคไข้หวัดใหญ่ตามฤดูกาล(7กลุ่มเสี่ยง),เป้าหมาย(ทั้งหมด),0
เขต 7 ขอนแก่น,10709,ลูกข่าย,05297,รพ.สต.บ้านโนนแพง,V11:ฉีดวัคซีนป้องกันโรคป้องกันโรคไข้หวัดใหญ่ตามฤดูกาล(7กลุ่มเสี่ยง),ฉีด,171
เขต 7 ขอนแก่น,10709,ลูกข่าย,05297,รพ.สต.บ้านโนนแพง,V11:ฉีดวัคซีนป้องกันโรคป้องกันโรคไข้หวัดใหญ่ตามฤดูกาล(7กลุ่มเสี่ยง),เป้าหมาย(รายหน่วย),250
เขต 7 ขอนแก่น,10709,ลูกข่าย,05297,รพ.สต.บ้านโนนแพง,V11:ฉีดวัคซีนป้องกันโรคป้องกันโรคไข้หวัดใหญ่ตามฤดูกาล(7กลุ่มเสี่ยง),เป้าหมาย(ทั้งหมด),0
เขต 7 ขอนแก่น,10709,ลูกข่าย,05298,รพ.สต.บ้านเชียงเครือ,V11:ฉีดวัคซีนป้องกันโรคป้องกันโรคไข้หวัดใหญ่ตามฤดูกาล(7กลุ่มเสี่ยง),ฉีด,162
เขต 7 ขอนแก่น,10709,ลูกข่าย,05298,รพ.สต.บ้านเชียงเครือ,V11:ฉีดวัคซีนป้องกันโรคป้องกันโรคไข้หวัดใหญ่ตามฤดูกาล(7กลุ่มเสี่ยง),เป้าหมาย(รายหน่วย),200
เขต 7 ขอนแก่น,10709,ลูกข่าย,05298,รพ.สต.บ้านเชียงเครือ,V11:ฉีดวัคซีนป้องกันโรคป้องกันโรคไข้หวัดใหญ่ตามฤดูกาล(7กลุ่มเสี่ยง),เป้าหมาย(ทั้งหมด),0
เขต 7 ขอนแก่น,10709,ลูกข่าย,05299,รพ.สต.บ้านแกเปะ,V11:ฉีดวัคซีนป้องกันโรคป้องกันโรคไข้หวัดใหญ่ตามฤดูกาล(7กลุ่มเสี่ยง),ฉีด,211
เขต 7 ขอนแก่น,10709,ลูกข่าย,05299,รพ.สต.บ้านแกเปะ,V11:ฉีดวัคซีนป้องกันโรคป้องกันโรคไข้หวัดใหญ่ตามฤดูกาล(7กลุ่มเสี่ยง),เป้าหมาย(รายหน่วย),250
เขต 7 ขอนแก่น,10709,ลูกข่าย,05299,รพ.สต.บ้านแกเปะ,V11:ฉีดวัคซีนป้องกันโรคป้องกันโรคไข้หวัดใหญ่ตามฤดูกาล(7กลุ่มเสี่ยง),เป้าหมาย(ทั้งหมด),0
เขต 7 ขอนแก่น,10709,ลูกข่าย,05300,รพ.สต.บ้านท่าไคร้,V11:ฉีดวัคซีนป้องกันโรคป้องกันโรคไข้หวัดใหญ่ตามฤดูกาล(7กลุ่มเสี่ยง),ฉีด,253
เขต 7 ขอนแก่น,10709,ลูกข่าย,05300,รพ.สต.บ้านท่าไคร้,V11:ฉีดวัคซีนป้องกันโรคป้องกันโรคไข้หวัดใหญ่ตามฤดูกาล(7กลุ่มเสี่ยง),เป้าหมาย(รายหน่วย),300
เขต 7 ขอนแก่น,10709,ลูกข่าย,05300,รพ.สต.บ้านท่าไคร้,V11:ฉีดวัคซีนป้องกันโรคป้องกันโรคไข้หวัดใหญ่ตามฤดูกาล(7กลุ่มเสี่ยง),เป้าหมาย(ทั้งหมด),0
เขต 7 ขอนแก่น,10709,ลูกข่าย,05301,รพ.สต.บ้านดงสว่าง,V11:ฉีดวัคซีนป้องกันโรคป้องกันโรคไข้หวัดใหญ่ตามฤดูกาล(7กลุ่มเสี่ยง),ฉีด,2
เขต 7 ขอนแก่น,10709,ลูกข่าย,05301,รพ.สต.บ้านดงสว่าง,V11:ฉีดวัคซีนป้องกันโรคป้องกันโรคไข้หวัดใหญ่ตามฤดูกาล(7กลุ่มเสี่ยง),เป้าหมาย(รายหน่วย),700
เขต 7 ขอนแก่น,10709,ลูกข่าย,05301,รพ.สต.บ้านดงสว่าง,V11:ฉีดวัคซีนป้องกันโรคป้องกันโรคไข้หวัดใหญ่ตามฤดูกาล(7กลุ่มเสี่ยง),เป้าหมาย(ทั้งหมด),0
เขต 7 ขอนแก่น,10709,ลูกข่าย,05302,รพ.สต.บ้านหนองแวงใหญ่,V11:ฉีดวัคซีนป้องกันโรคป้องกันโรคไข้หวัดใหญ่ตามฤดูกาล(7กลุ่มเสี่ยง),ฉีด,229
เขต 7 ขอนแก่น,10709,ลูกข่าย,05302,รพ.สต.บ้านหนองแวงใหญ่,V11:ฉีดวัคซีนป้องกันโรคป้องกันโรคไข้หวัดใหญ่ตามฤดูกาล(7กลุ่มเสี่ยง),เป้าหมาย(รายหน่วย),350
เขต 7 ขอนแก่น,10709,ลูกข่าย,05302,รพ.สต.บ้านหนองแวงใหญ่,V11:ฉีดวัคซีนป้องกันโรคป้องกันโรคไข้หวัดใหญ่ตามฤดูกาล(7กลุ่มเสี่ยง),เป้าหมาย(ทั้งหมด),0
เขต 7 ขอนแก่น,10709,ลูกข่าย,05303,รพ.สต.บ้านเหล่าหลวง,V11:ฉีดวัคซีนป้องกันโรคป้องกันโรคไข้หวัดใหญ่ตามฤดูกาล(7กลุ่มเสี่ยง),ฉีด,136
เขต 7 ขอนแก่น,10709,ลูกข่าย,05303,รพ.สต.บ้านเหล่าหลวง,V11:ฉีดวัคซีนป้องกันโรคป้องกันโรคไข้หวัดใหญ่ตามฤดูกาล(7กลุ่มเสี่ยง),เป้าหมาย(รายหน่วย),300
เขต 7 ขอนแก่น,10709,ลูกข่าย,05303,รพ.สต.บ้านเหล่าหลวง,V11:ฉีดวัคซีนป้องกันโรคป้องกันโรคไข้หวัดใหญ่ตามฤดูกาล(7กลุ่มเสี่ยง),เป้าหมาย(ทั้งหมด),0
เขต 7 ขอนแก่น,10709,ลูกข่าย,05304,รพ.สต.บ้านคำไผ่,V11:ฉีดวัคซีนป้องกันโรคป้องกันโรคไข้หวัดใหญ่ตามฤดูกาล(7กลุ่มเสี่ยง),ฉีด,203
เขต 7 ขอนแก่น,10709,ลูกข่าย,05304,รพ.สต.บ้านคำไผ่,V11:ฉีดวัคซีนป้องกันโรคป้องกันโรคไข้หวัดใหญ่ตามฤดูกาล(7กลุ่มเสี่ยง),เป้าหมาย(รายหน่วย),350
เขต 7 ขอนแก่น,10709,ลูกข่าย,05304,รพ.สต.บ้านคำไผ่,V11:ฉีดวัคซีนป้องกันโรคป้องกันโรคไข้หวัดใหญ่ตามฤดูกาล(7กลุ่มเสี่ยง),เป้าหมาย(ทั้งหมด),0
เขต 7 ขอนแก่น,10709,ลูกข่าย,05305,รพ.สต.บ้านเหล่ากลาง,V11:ฉีดวัคซีนป้องกันโรคป้องกันโรคไข้หวัดใหญ่ตามฤดูกาล(7กลุ่มเสี่ยง),ฉีด,280
เขต 7 ขอนแก่น,10709,ลูกข่าย,05305,รพ.สต.บ้านเหล่ากลาง,V11:ฉีดวัคซีนป้องกันโรคป้องกันโรคไข้หวัดใหญ่ตามฤดูกาล(7กลุ่มเสี่ยง),เป้าหมาย(รายหน่วย),150
เขต 7 ขอนแก่น,10709,ลูกข่าย,05305,รพ.สต.บ้านเหล่ากลาง,V11:ฉีดวัคซีนป้องกันโรคป้องกันโรคไข้หวัดใหญ่ตามฤดูกาล(7กลุ่มเสี่ยง),เป้าหมาย(ทั้งหมด),0
เขต 7 ขอนแก่น,10709,ลูกข่าย,05306,รพ.สต.บ้านน้ำบุ่น,V11:ฉีดวัคซีนป้องกันโรคป้องกันโรคไข้หวัดใหญ่ตามฤดูกาล(7กลุ่มเสี่ยง),ฉีด,202
เขต 7 ขอนแก่น,10709,ลูกข่าย,05306,รพ.สต.บ้านน้ำบุ่น,V11:ฉีดวัคซีนป้องกันโรคป้องกันโรคไข้หวัดใหญ่ตามฤดูกาล(7กลุ่มเสี่ยง),เป้าหมาย(รายหน่วย),230
เขต 7 ขอนแก่น,10709,ลูกข่าย,05306,รพ.สต.บ้านน้ำบุ่น,V11:ฉีดวัคซีนป้องกันโรคป้องกันโรคไข้หวัดใหญ่ตามฤดูกาล(7กลุ่มเสี่ยง),เป้าหมาย(ทั้งหมด),0
เขต 7 ขอนแก่น,10709,ลูกข่าย,05307,รพ.สต.บ้านหนองแวงใต้,V11:ฉีดวัคซีนป้องกันโรคป้องกันโรคไข้หวัดใหญ่ตามฤดูกาล(7กลุ่มเสี่ยง),ฉีด,287
เขต 7 ขอนแก่น,10709,ลูกข่าย,05307,รพ.สต.บ้านหนองแวงใต้,V11:ฉีดวัคซีนป้องกันโรคป้องกันโรคไข้หวัดใหญ่ตามฤดูกาล(7กลุ่มเสี่ยง),เป้าหมาย(รายหน่วย),300
เขต 7 ขอนแก่น,10709,ลูกข่าย,05307,รพ.สต.บ้านหนองแวงใต้,V11:ฉีดวัคซีนป้องกันโรคป้องกันโรคไข้หวัดใหญ่ตามฤดูกาล(7กลุ่มเสี่ยง),เป้าหมาย(ทั้งหมด),0
เขต 7 ขอนแก่น,10709,ลูกข่าย,05308,รพ.สต.โนนชัย,V11:ฉีดวัคซีนป้องกันโรคป้องกันโรคไข้หวัดใหญ่ตามฤดูกาล(7กลุ่มเสี่ยง),ฉีด,73
เขต 7 ขอนแก่น,10709,ลูกข่าย,05308,รพ.สต.โนนชัย,V11:ฉีดวัคซีนป้องกันโรคป้องกันโรคไข้หวัดใหญ่ตามฤดูกาล(7กลุ่มเสี่ยง),เป้าหมาย(รายหน่วย),150
เขต 7 ขอนแก่น,10709,ลูกข่าย,05308,รพ.สต.โนนชัย,V11:ฉีดวัคซีนป้องกันโรคป้องกันโรคไข้หวัดใหญ่ตามฤดูกาล(7กลุ่มเสี่ยง),เป้าหมาย(ทั้งหมด),0
เขต 7 ขอนแก่น,10709,ลูกข่าย,05309,รพ.สต.บ้านโพนทอง,V11:ฉีดวัคซีนป้องกันโรคป้องกันโรคไข้หวัดใหญ่ตามฤดูกาล(7กลุ่มเสี่ยง),ฉีด,236
เขต 7 ขอนแก่น,10709,ลูกข่าย,05309,รพ.สต.บ้านโพนทอง,V11:ฉีดวัคซีนป้องกันโรคป้องกันโรคไข้หวัดใหญ่ตามฤดูกาล(7กลุ่มเสี่ยง),เป้าหมาย(รายหน่วย),300
เขต 7 ขอนแก่น,10709,ลูกข่าย,05309,รพ.สต.บ้านโพนทอง,V11:ฉีดวัคซีนป้องกันโรคป้องกันโรคไข้หวัดใหญ่ตามฤดูกาล(7กลุ่มเสี่ยง),เป้าหมาย(ทั้งหมด),0
เขต 7 ขอนแก่น,10709,ลูกข่าย,05310,รพ.สต.บ้านนาจารย์,V11:ฉีดวัคซีนป้องกันโรคป้องกันโรคไข้หวัดใหญ่ตามฤดูกาล(7กลุ่มเสี่ยง),ฉีด,339
เขต 7 ขอนแก่น,10709,ลูกข่าย,05310,รพ.สต.บ้านนาจารย์,V11:ฉีดวัคซีนป้องกันโรคป้องกันโรคไข้หวัดใหญ่ตามฤดูกาล(7กลุ่มเสี่ยง),เป้าหมาย(รายหน่วย),550
เขต 7 ขอนแก่น,10709,ลูกข่าย,05310,รพ.สต.บ้านนาจารย์,V11:ฉีดวัคซีนป้องกันโรคป้องกันโรคไข้หวัดใหญ่ตามฤดูกาล(7กลุ่มเสี่ยง),เป้าหมาย(ทั้งหมด),0
เขต 7 ขอนแก่น,10709,ลูกข่าย,13963,รพ.สต.บ้านดงเมือง,V11:ฉีดวัคซีนป้องกันโรคป้องกันโรคไข้หวัดใหญ่ตามฤดูกาล(7กลุ่มเสี่ยง),ฉีด,160
เขต 7 ขอนแก่น,10709,ลูกข่าย,13963,รพ.สต.บ้านดงเมือง,V11:ฉีดวัคซีนป้องกันโรคป้องกันโรคไข้หวัดใหญ่ตามฤดูกาล(7กลุ่มเสี่ยง),เป้าหมาย(รายหน่วย),160
เขต 7 ขอนแก่น,10709,ลูกข่าย,13963,รพ.สต.บ้านดงเมือง,V11:ฉีดวัคซีนป้องกันโรคป้องกันโรคไข้หวัดใหญ่ตามฤดูกาล(7กลุ่มเสี่ยง),เป้าหมาย(ทั้งหมด),0
เขต 7 ขอนแก่น,10709,ลูกข่าย,14347,ศูนย์บริการสาธารณสุขเทศบาลกาฬสินธุ์แห่งที่ 1 (ซอยน้ำทิพย์),V11:ฉีดวัคซีนป้องกันโรคป้องกันโรคไข้หวัดใหญ่ตามฤดูกาล(7กลุ่มเสี่ยง),ฉีด,237
เขต 7 ขอนแก่น,10709,ลูกข่าย,14347,ศูนย์บริการสาธารณสุขเทศบาลกาฬสินธุ์แห่งที่ 1 (ซอยน้ำทิพย์),V11:ฉีดวัคซีนป้องกันโรคป้องกันโรคไข้หวัดใหญ่ตามฤดูกาล(7กลุ่มเสี่ยง),เป้าหมาย(รายหน่วย),400
เขต 7 ขอนแก่น,10709,ลูกข่าย,14347,ศูนย์บริการสาธารณสุขเทศบาลกาฬสินธุ์แห่งที่ 1 (ซอยน้ำทิพย์),V11:ฉีดวัคซีนป้องกันโรคป้องกันโรคไข้หวัดใหญ่ตามฤดูกาล(7กลุ่มเสี่ยง),เป้าหมาย(ทั้งหมด),0
เขต 7 ขอนแก่น,10709,ลูกข่าย,22776,สถานพยาบาลเรือนจำจังหวัดกาฬสินธุ์,V12:ฉีดวัคซีนป้องกันโรคไข้หวัดใหญ่ตามฤดูกาล(กลุ่มพิเศษ),ฉีด,0
เขต 7 ขอนแก่น,10709,ลูกข่าย,22776,สถานพยาบาลเรือนจำจังหวัดกาฬสินธุ์,V11:ฉีดวัคซีนป้องกันโรคป้องกันโรคไข้หวัดใหญ่ตามฤดูกาล(7กลุ่มเสี่ยง),ฉีด,0
เขต 7 ขอนแก่น,10709,ลูกข่าย,22776,สถานพยาบาลเรือนจำจังหวัดกาฬสินธุ์,V12:ฉีดวัคซีนป้องกันโรคไข้หวัดใหญ่ตามฤดูกาล(กลุ่มพิเศษ),เป้าหมาย(รายหน่วย),4560
เขต 7 ขอนแก่น,10709,ลูกข่าย,22776,สถานพยาบาลเรือนจำจังหวัดกาฬสินธุ์,V11:ฉีดวัคซีนป้องกันโรคป้องกันโรคไข้หวัดใหญ่ตามฤดูกาล(7กลุ่มเสี่ยง),เป้าหมาย(รายหน่วย),0
เขต 7 ขอนแก่น,10709,ลูกข่าย,22776,สถานพยาบาลเรือนจำจังหวัดกาฬสินธุ์,V12:ฉีดวัคซีนป้องกันโรคไข้หวัดใหญ่ตามฤดูกาล(กลุ่มพิเศษ),เป้าหมาย(ทั้งหมด),0
เขต 7 ขอนแก่น,10709,ลูกข่าย,22776,สถานพยาบาลเรือนจำจังหวัดกาฬสินธุ์,V11:ฉีดวัคซีนป้องกันโรคป้องกันโรคไข้หวัดใหญ่ตามฤดูกาล(7กลุ่มเสี่ยง),เป้าหมาย(ทั้งหมด),0
เขต 7 ขอนแก่น,10709,ลูกข่าย,24743,ศูนย์บริการสาธารณสุขเทศบาลเมืองกาฬสินธุแห่งที่ 2 (ดงปอ),V11:ฉีดวัคซีนป้องกันโรคป้องกันโรคไข้หวัดใหญ่ตามฤดูกาล(7กลุ่มเสี่ยง),ฉีด,198
เขต 7 ขอนแก่น,10709,ลูกข่าย,24743,ศูนย์บริการสาธารณสุขเทศบาลเมืองกาฬสินธุแห่งที่ 2 (ดงปอ),V11:ฉีดวัคซีนป้องกันโรคป้องกันโรคไข้หวัดใหญ่ตามฤดูกาล(7กลุ่มเสี่ยง),เป้าหมาย(รายหน่วย),400
เขต 7 ขอนแก่น,10709,ลูกข่าย,24743,ศูนย์บริการสาธารณสุขเทศบาลเมืองกาฬสินธุแห่งที่ 2 (ดงปอ),V11:ฉีดวัคซีนป้องกันโรคป้องกันโรคไข้หวัดใหญ่ตามฤดูกาล(7กลุ่มเสี่ยง),เป้าหมาย(ทั้งหมด),0
เขต 7 ขอนแก่น,10709,ลูกข่าย,77738,ศสช.เมืองโรงพยาบาลกาฬสินธุ์,V11:ฉีดวัคซีนป้องกันโรคป้องกันโรคไข้หวัดใหญ่ตามฤดูกาล(7กลุ่มเสี่ยง),ฉีด,479
เขต 7 ขอนแก่น,10709,ลูกข่าย,77738,ศสช.เมืองโรงพยาบาลกาฬสินธุ์,V11:ฉีดวัคซีนป้องกันโรคป้องกันโรคไข้หวัดใหญ่ตามฤดูกาล(7กลุ่มเสี่ยง),เป้าหมาย(รายหน่วย),1000
เขต 7 ขอนแก่น,10709,ลูกข่าย,77738,ศสช.เมืองโรงพยาบาลกาฬสินธุ์,V11:ฉีดวัคซีนป้องกันโรคป้องกันโรคไข้หวัดใหญ่ตามฤดูกาล(7กลุ่มเสี่ยง),เป้าหมาย(ทั้งหมด),0
เขต 7 ขอนแก่น,11077,แม่ข่าย,11077,รพ.นามน,V11:ฉีดวัคซีนป้องกันโรคป้องกันโรคไข้หวัดใหญ่ตามฤดูกาล(7กลุ่มเสี่ยง),ฉีด,746
เขต 7 ขอนแก่น,11077,แม่ข่าย,11077,รพ.นามน,V11:ฉีดวัคซีนป้องกันโรคป้องกันโรคไข้หวัดใหญ่ตามฤดูกาล(7กลุ่มเสี่ยง),เป้าหมาย(รายหน่วย),900
เขต 7 ขอนแก่น,11077,แม่ข่าย,11077,รพ.นามน,V11:ฉีดวัคซีนป้องกันโรคป้องกันโรคไข้หวัดใหญ่ตามฤดูกาล(7กลุ่มเสี่ยง),เป้าหมาย(ทั้งหมด),3800
เขต 7 ขอนแก่น,11077,ลูกข่าย,05311,รพ.สต.บ้านโนนศรีสวัสดิ์,V11:ฉีดวัคซีนป้องกันโรคป้องกันโรคไข้หวัดใหญ่ตามฤดูกาล(7กลุ่มเสี่ยง),ฉีด,198
เขต 7 ขอนแก่น,11077,ลูกข่าย,05311,รพ.สต.บ้านโนนศรีสวัสดิ์,V11:ฉีดวัคซีนป้องกันโรคป้องกันโรคไข้หวัดใหญ่ตามฤดูกาล(7กลุ่มเสี่ยง),เป้าหมาย(รายหน่วย),300
เขต 7 ขอนแก่น,11077,ลูกข่าย,05311,รพ.สต.บ้านโนนศรีสวัสดิ์,V11:ฉีดวัคซีนป้องกันโรคป้องกันโรคไข้หวัดใหญ่ตามฤดูกาล(7กลุ่มเสี่ยง),เป้าหมาย(ทั้งหมด),0
เขต 7 ขอนแก่น,11077,ลูกข่าย,05312,รพ.สต.บ้านยอดแกง,V11:ฉีดวัคซีนป้องกันโรคป้องกันโรคไข้หวัดใหญ่ตามฤดูกาล(7กลุ่มเสี่ยง),ฉีด,575
เขต 7 ขอนแก่น,11077,ลูกข่าย,05312,รพ.สต.บ้านยอดแกง,V11:ฉีดวัคซีนป้องกันโรคป้องกันโรคไข้หวัดใหญ่ตามฤดูกาล(7กลุ่มเสี่ยง),เป้าหมาย(รายหน่วย),600
เขต 7 ขอนแก่น,11077,ลูกข่าย,05312,รพ.สต.บ้านยอดแกง,V11:ฉีดวัคซีนป้องกันโรคป้องกันโรคไข้หวัดใหญ่ตามฤดูกาล(7กลุ่มเสี่ยง),เป้าหมาย(ทั้งหมด),0
เขต 7 ขอนแก่น,11077,ลูกข่าย,05313,รพ.สต.บ้านหัวงัง (บ้านหัวงัว),V11:ฉีดวัคซีนป้องกันโรคป้องกันโรคไข้หวัดใหญ่ตามฤดูกาล(7กลุ่มเสี่ยง),ฉีด,398
เขต 7 ขอนแก่น,11077,ลูกข่าย,05313,รพ.สต.บ้านหัวงัง (บ้านหัวงัว),V11:ฉีดวัคซีนป้องกันโรคป้องกันโรคไข้หวัดใหญ่ตามฤดูกาล(7กลุ่มเสี่ยง),เป้าหมาย(รายหน่วย),400
เขต 7 ขอนแก่น,11077,ลูกข่าย,05313,รพ.สต.บ้านหัวงัง (บ้านหัวงัว),V11:ฉีดวัคซีนป้องกันโรคป้องกันโรคไข้หวัดใหญ่ตามฤดูกาล(7กลุ่มเสี่ยง),เป้าหมาย(ทั้งหมด),0
เขต 7 ขอนแก่น,11077,ลูกข่าย,05314,รพ.สต.บ้านสงเปลื่อย,V11:ฉีดวัคซีนป้องกันโรคป้องกันโรคไข้หวัดใหญ่ตามฤดูกาล(7กลุ่มเสี่ยง),ฉีด,269
เขต 7 ขอนแก่น,11077,ลูกข่าย,05314,รพ.สต.บ้านสงเปลื่อย,V11:ฉีดวัคซีนป้องกันโรคป้องกันโรคไข้หวัดใหญ่ตามฤดูกาล(7กลุ่มเสี่ยง),เป้าหมาย(รายหน่วย),500
เขต 7 ขอนแก่น,11077,ลูกข่าย,05314,รพ.สต.บ้านสงเปลื่อย,V11:ฉีดวัคซีนป้องกันโรคป้องกันโรคไข้หวัดใหญ่ตามฤดูกาล(7กลุ่มเสี่ยง),เป้าหมาย(ทั้งหมด),0
เขต 7 ขอนแก่น,11077,ลูกข่าย,05315,รพ.สต.บ้านอุทัยวรรณ,V11:ฉีดวัคซีนป้องกันโรคป้องกันโรคไข้หวัดใหญ่ตามฤดูกาล(7กลุ่มเสี่ยง),ฉีด,416
เขต 7 ขอนแก่น,11077,ลูกข่าย,05315,รพ.สต.บ้านอุทัยวรรณ,V11:ฉีดวัคซีนป้องกันโรคป้องกันโรคไข้หวัดใหญ่ตามฤดูกาล(7กลุ่มเสี่ยง),เป้าหมาย(รายหน่วย),500
เขต 7 ขอนแก่น,11077,ลูกข่าย,05315,รพ.สต.บ้านอุทัยวรรณ,V11:ฉีดวัคซีนป้องกันโรคป้องกันโรคไข้หวัดใหญ่ตามฤดูกาล(7กลุ่มเสี่ยง),เป้าหมาย(ทั้งหมด),0
เขต 7 ขอนแก่น,11077,ลูกข่าย,05316,รพ.สต.บ้านหนองบัวใน,V11:ฉีดวัคซีนป้องกันโรคป้องกันโรคไข้หวัดใหญ่ตามฤดูกาล(7กลุ่มเสี่ยง),ฉีด,436
เขต 7 ขอนแก่น,11077,ลูกข่าย,05316,รพ.สต.บ้านหนองบัวใน,V11:ฉีดวัคซีนป้องกันโรคป้องกันโรคไข้หวัดใหญ่ตามฤดูกาล(7กลุ่มเสี่ยง),เป้าหมาย(รายหน่วย),500
เขต 7 ขอนแก่น,11077,ลูกข่าย,05316,รพ.สต.บ้านหนองบัวใน,V11:ฉีดวัคซีนป้องกันโรคป้องกันโรคไข้หวัดใหญ่ตามฤดูกาล(7กลุ่มเสี่ยง),เป้าหมาย(ทั้งหมด),0
เขต 7 ขอนแก่น,11078,แม่ข่าย,11078,รพ.กมลาไสย,V11:ฉีดวัคซีนป้องกันโรคป้องกันโรคไข้หวัดใหญ่ตามฤดูกาล(7กลุ่มเสี่ยง),ฉีด,1112
เขต 7 ขอนแก่น,11078,แม่ข่าย,11078,รพ.กมลาไสย,V11:ฉีดวัคซีนป้องกันโรคป้องกันโรคไข้หวัดใหญ่ตามฤดูกาล(7กลุ่มเสี่ยง),เป้าหมาย(รายหน่วย),2750
เขต 7 ขอนแก่น,11078,แม่ข่าย,11078,รพ.กมลาไสย,V11:ฉีดวัคซีนป้องกันโรคป้องกันโรคไข้หวัดใหญ่ตามฤดูกาล(7กลุ่มเสี่ยง),เป้าหมาย(ทั้งหมด),9300
เขต 7 ขอนแก่น,11078,ลูกข่าย,05317,รพ.สต.บ้านข้าวหลาม,V11:ฉีดวัคซีนป้องกันโรคป้องกันโรคไข้หวัดใหญ่ตามฤดูกาล(7กลุ่มเสี่ยง),ฉีด,856
เขต 7 ขอนแก่น,11078,ลูกข่าย,05317,รพ.สต.บ้านข้าวหลาม,V11:ฉีดวัคซีนป้องกันโรคป้องกันโรคไข้หวัดใหญ่ตามฤดูกาล(7กลุ่มเสี่ยง),เป้าหมาย(รายหน่วย),700
เขต 7 ขอนแก่น,11078,ลูกข่าย,05317,รพ.สต.บ้านข้าวหลาม,V11:ฉีดวัคซีนป้องกันโรคป้องกันโรคไข้หวัดใหญ่ตามฤดูกาล(7กลุ่มเสี่ยง),เป้าหมาย(ทั้งหมด),0
เขต 7 ขอนแก่น,11078,ลูกข่าย,05318,รพ.สต.บ้านบึง,V11:ฉีดวัคซีนป้องกันโรคป้องกันโรคไข้หวัดใหญ่ตามฤดูกาล(7กลุ่มเสี่ยง),ฉีด,91
เขต 7 ขอนแก่น,11078,ลูกข่าย,05318,รพ.สต.บ้านบึง,V11:ฉีดวัคซีนป้องกันโรคป้องกันโรคไข้หวัดใหญ่ตามฤดูกาล(7กลุ่มเสี่ยง),เป้าหมาย(รายหน่วย),650
เขต 7 ขอนแก่น,11078,ลูกข่าย,05318,รพ.สต.บ้านบึง,V11:ฉีดวัคซีนป้องกันโรคป้องกันโรคไข้หวัดใหญ่ตามฤดูกาล(7กลุ่มเสี่ยง),เป้าหมาย(ทั้งหมด),0
เขต 7 ขอนแก่น,11078,ลูกข่าย,05319,รพ.สต.เฉลิมพระเกียรติ 60 พรรษา นวมินทราชินี,V11:ฉีดวัคซีนป้องกันโรคป้องกันโรคไข้หวัดใหญ่ตามฤดูกาล(7กลุ่มเสี่ยง),ฉีด,522
เขต 7 ขอนแก่น,11078,ลูกข่าย,05319,รพ.สต.เฉลิมพระเกียรติ 60 พรรษา นวมินทราชินี,V11:ฉีดวัคซีนป้องกันโรคป้องกันโรคไข้หวัดใหญ่ตามฤดูกาล(7กลุ่มเสี่ยง),เป้าหมาย(รายหน่วย),700
เขต 7 ขอนแก่น,11078,ลูกข่าย,05319,รพ.สต.เฉลิมพระเกียรติ 60 พรรษา นวมินทราชินี,V11:ฉีดวัคซีนป้องกันโรคป้องกันโรคไข้หวัดใหญ่ตามฤดูกาล(7กลุ่มเสี่ยง),เป้าหมาย(ทั้งหมด),0
เขต 7 ขอนแก่น,11078,ลูกข่าย,05320,รพ.สต.สีถาน,V11:ฉีดวัคซีนป้องกันโรคป้องกันโรคไข้หวัดใหญ่ตามฤดูกาล(7กลุ่มเสี่ยง),ฉีด,431
เขต 7 ขอนแก่น,11078,ลูกข่าย,05320,รพ.สต.สีถาน,V11:ฉีดวัคซีนป้องกันโรคป้องกันโรคไข้หวัดใหญ่ตามฤดูกาล(7กลุ่มเสี่ยง),เป้าหมาย(รายหน่วย),800
เขต 7 ขอนแก่น,11078,ลูกข่าย,05320,รพ.สต.สีถาน,V11:ฉีดวัคซีนป้องกันโรคป้องกันโรคไข้หวัดใหญ่ตามฤดูกาล(7กลุ่มเสี่ยง),เป้าหมาย(ทั้งหมด),0
เขต 7 ขอนแก่น,11078,ลูกข่าย,05321,รพ.สต.บ้านบ่อ,V11:ฉีดวัคซีนป้องกันโรคป้องกันโรคไข้หวัดใหญ่ตามฤดูกาล(7กลุ่มเสี่ยง),ฉีด,61
เขต 7 ขอนแก่น,11078,ลูกข่าย,05321,รพ.สต.บ้านบ่อ,V11:ฉีดวัคซีนป้องกันโรคป้องกันโรคไข้หวัดใหญ่ตามฤดูกาล(7กลุ่มเสี่ยง),เป้าหมาย(รายหน่วย),800
เขต 7 ขอนแก่น,11078,ลูกข่าย,05321,รพ.สต.บ้านบ่อ,V11:ฉีดวัคซีนป้องกันโรคป้องกันโรคไข้หวัดใหญ่ตามฤดูกาล(7กลุ่มเสี่ยง),เป้าหมาย(ทั้งหมด),0
เขต 7 ขอนแก่น,11078,ลูกข่าย,05326,รพ.สต.บ้านหนองแปน,V11:ฉีดวัคซีนป้องกันโรคป้องกันโรคไข้หวัดใหญ่ตามฤดูกาล(7กลุ่มเสี่ยง),ฉีด,157
เขต 7 ขอนแก่น,11078,ลูกข่าย,05326,รพ.สต.บ้านหนองแปน,V11:ฉีดวัคซีนป้องกันโรคป้องกันโรคไข้หวัดใหญ่ตามฤดูกาล(7กลุ่มเสี่ยง),เป้าหมาย(รายหน่วย),600
เขต 7 ขอนแก่น,11078,ลูกข่าย,05326,รพ.สต.บ้านหนองแปน,V11:ฉีดวัคซีนป้องกันโรคป้องกันโรคไข้หวัดใหญ่ตามฤดูกาล(7กลุ่มเสี่ยง),เป้าหมาย(ทั้งหมด),0
เขต 7 ขอนแก่น,11078,ลูกข่าย,05329,รพ.สต.บ้านท่าเพลิง,V11:ฉีดวัคซีนป้องกันโรคป้องกันโรคไข้หวัดใหญ่ตามฤดูกาล(7กลุ่มเสี่ยง),ฉีด,84
เขต 7 ขอนแก่น,11078,ลูกข่าย,05329,รพ.สต.บ้านท่าเพลิง,V11:ฉีดวัคซีนป้องกันโรคป้องกันโรคไข้หวัดใหญ่ตามฤดูกาล(7กลุ่มเสี่ยง),เป้าหมาย(รายหน่วย),500
เขต 7 ขอนแก่น,11078,ลูกข่าย,05329,รพ.สต.บ้านท่าเพลิง,V11:ฉีดวัคซีนป้องกันโรคป้องกันโรคไข้หวัดใหญ่ตามฤดูกาล(7กลุ่มเสี่ยง),เป้าหมาย(ทั้งหมด),0
เขต 7 ขอนแก่น,11078,ลูกข่าย,05330,รพ.สต.บ้านหนองบัว,V11:ฉีดวัคซีนป้องกันโรคป้องกันโรคไข้หวัดใหญ่ตามฤดูกาล(7กลุ่มเสี่ยง),ฉีด,679
เขต 7 ขอนแก่น,11078,ลูกข่าย,05330,รพ.สต.บ้านหนองบัว,V11:ฉีดวัคซีนป้องกันโรคป้องกันโรคไข้หวัดใหญ่ตามฤดูกาล(7กลุ่มเสี่ยง),เป้าหมาย(รายหน่วย),700
เขต 7 ขอนแก่น,11078,ลูกข่าย,05330,รพ.สต.บ้านหนองบัว,V11:ฉีดวัคซีนป้องกันโรคป้องกันโรคไข้หวัดใหญ่ตามฤดูกาล(7กลุ่มเสี่ยง),เป้าหมาย(ทั้งหมด),0
เขต 7 ขอนแก่น,11078,ลูกข่าย,05331,รพ.สต.บ้านนามล,V11:ฉีดวัคซีนป้องกันโรคป้องกันโรคไข้หวัดใหญ่ตามฤดูกาล(7กลุ่มเสี่ยง),ฉีด,70
เขต 7 ขอนแก่น,11078,ลูกข่าย,05331,รพ.สต.บ้านนามล,V11:ฉีดวัคซีนป้องกันโรคป้องกันโรคไข้หวัดใหญ่ตามฤดูกาล(7กลุ่มเสี่ยง),เป้าหมาย(รายหน่วย),500
เขต 7 ขอนแก่น,11078,ลูกข่าย,05331,รพ.สต.บ้านนามล,V11:ฉีดวัคซีนป้องกันโรคป้องกันโรคไข้หวัดใหญ่ตามฤดูกาล(7กลุ่มเสี่ยง),เป้าหมาย(ทั้งหมด),0
เขต 7 ขอนแก่น,11078,ลูกข่าย,13964,รพ.สต.บ้านสวนโคก,V11:ฉีดวัคซีนป้องกันโรคป้องกันโรคไข้หวัดใหญ่ตามฤดูกาล(7กลุ่มเสี่ยง),ฉีด,49
เขต 7 ขอนแก่น,11078,ลูกข่าย,13964,รพ.สต.บ้านสวนโคก,V11:ฉีดวัคซีนป้องกันโรคป้องกันโรคไข้หวัดใหญ่ตามฤดูกาล(7กลุ่มเสี่ยง),เป้าหมาย(รายหน่วย),600
เขต 7 ขอนแก่น,11078,ลูกข่าย,13964,รพ.สต.บ้านสวนโคก,V11:ฉีดวัคซีนป้องกันโรคป้องกันโรคไข้หวัดใหญ่ตามฤดูกาล(7กลุ่มเสี่ยง),เป้าหมาย(ทั้งหมด),0
เขต 7 ขอนแก่น,11079,แม่ข่าย,11079,รพ.ร่องคำ,V11:ฉีดวัคซีนป้องกันโรคป้องกันโรคไข้หวัดใหญ่ตามฤดูกาล(7กลุ่มเสี่ยง),ฉีด,947
เขต 7 ขอนแก่น,11079,แม่ข่าย,11079,รพ.ร่องคำ,V11:ฉีดวัคซีนป้องกันโรคป้องกันโรคไข้หวัดใหญ่ตามฤดูกาล(7กลุ่มเสี่ยง),เป้าหมาย(รายหน่วย),1600
เขต 7 ขอนแก่น,11079,แม่ข่าย,11079,รพ.ร่องคำ,V11:ฉีดวัคซีนป้องกันโรคป้องกันโรคไข้หวัดใหญ่ตามฤดูกาล(7กลุ่มเสี่ยง),เป้าหมาย(ทั้งหมด),3000
เขต 7 ขอนแก่น,11079,ลูกข่าย,05333,รพ.สต.บ้านนาเรียง,V11:ฉีดวัคซีนป้องกันโรคป้องกันโรคไข้หวัดใหญ่ตามฤดูกาล(7กลุ่มเสี่ยง),ฉีด,474
เขต 7 ขอนแก่น,11079,ลูกข่าย,05333,รพ.สต.บ้านนาเรียง,V11:ฉีดวัคซีนป้องกันโรคป้องกันโรคไข้หวัดใหญ่ตามฤดูกาล(7กลุ่มเสี่ยง),เป้าหมาย(รายหน่วย),700
เขต 7 ขอนแก่น,11079,ลูกข่าย,05333,รพ.สต.บ้านนาเรียง,V11:ฉีดวัคซีนป้องกันโรคป้องกันโรคไข้หวัดใหญ่ตามฤดูกาล(7กลุ่มเสี่ยง),เป้าหมาย(ทั้งหมด),0
เขต 7 ขอนแก่น,11079,ลูกข่าย,05334,รพ.สต.บ้านค้อพัฒนา,V11:ฉีดวัคซีนป้องกันโรคป้องกันโรคไข้หวัดใหญ่ตามฤดูกาล(7กลุ่มเสี่ยง),ฉีด,429
เขต 7 ขอนแก่น,11079,ลูกข่าย,05334,รพ.สต.บ้านค้อพัฒนา,V11:ฉีดวัคซีนป้องกันโรคป้องกันโรคไข้หวัดใหญ่ตามฤดูกาล(7กลุ่มเสี่ยง),เป้าหมาย(รายหน่วย),700
เขต 7 ขอนแก่น,11079,ลูกข่าย,05334,รพ.สต.บ้านค้อพัฒนา,V11:ฉีดวัคซีนป้องกันโรคป้องกันโรคไข้หวัดใหญ่ตามฤดูกาล(7กลุ่มเสี่ยง),เป้าหมาย(ทั้งหมด),0
เขต 7 ขอนแก่น,11080,แม่ข่าย,11080,รพ.เขาวง,V11:ฉีดวัคซีนป้องกันโรคป้องกันโรคไข้หวัดใหญ่ตามฤดูกาล(7กลุ่มเสี่ยง),ฉีด,1172
เขต 7 ขอนแก่น,11080,แม่ข่าย,11080,รพ.เขาวง,V11:ฉีดวัคซีนป้องกันโรคป้องกันโรคไข้หวัดใหญ่ตามฤดูกาล(7กลุ่มเสี่ยง),เป้าหมาย(รายหน่วย),1700
เขต 7 ขอนแก่น,11080,แม่ข่าย,11080,รพ.เขาวง,V11:ฉีดวัคซีนป้องกันโรคป้องกันโรคไข้หวัดใหญ่ตามฤดูกาล(7กลุ่มเสี่ยง),เป้าหมาย(ทั้งหมด),4000
เขต 7 ขอนแก่น,11080,ลูกข่าย,05352,รพ.สต.บ้านกุดบอด,V11:ฉีดวัคซีนป้องกันโรคป้องกันโรคไข้หวัดใหญ่ตามฤดูกาล(7กลุ่มเสี่ยง),ฉีด,0
เขต 7 ขอนแก่น,11080,ลูกข่าย,05352,รพ.สต.บ้านกุดบอด,V11:ฉีดวัคซีนป้องกันโรคป้องกันโรคไข้หวัดใหญ่ตามฤดูกาล(7กลุ่มเสี่ยง),เป้าหมาย(รายหน่วย),500
เขต 7 ขอนแก่น,11080,ลูกข่าย,05352,รพ.สต.บ้านกุดบอด,V11:ฉีดวัคซีนป้องกันโรคป้องกันโรคไข้หวัดใหญ่ตามฤดูกาล(7กลุ่มเสี่ยง),เป้าหมาย(ทั้งหมด),0
เขต 7 ขอนแก่น,11080,ลูกข่าย,05353,รพ.สต.บ้านนาตาหลิ่ว,V11:ฉีดวัคซีนป้องกันโรคป้องกันโรคไข้หวัดใหญ่ตามฤดูกาล(7กลุ่มเสี่ยง),ฉีด,0
เขต 7 ขอนแก่น,11080,ลูกข่าย,05353,รพ.สต.บ้านนาตาหลิ่ว,V11:ฉีดวัคซีนป้องกันโรคป้องกันโรคไข้หวัดใหญ่ตามฤดูกาล(7กลุ่มเสี่ยง),เป้าหมาย(รายหน่วย),400
เขต 7 ขอนแก่น,11080,ลูกข่าย,05353,รพ.สต.บ้านนาตาหลิ่ว,V11:ฉีดวัคซีนป้องกันโรคป้องกันโรคไข้หวัดใหญ่ตามฤดูกาล(7กลุ่มเสี่ยง),เป้าหมาย(ทั้งหมด),0
เขต 7 ขอนแก่น,11080,ลูกข่าย,05354,รพ.สต.บ้านหนองผือ,V11:ฉีดวัคซีนป้องกันโรคป้องกันโรคไข้หวัดใหญ่ตามฤดูกาล(7กลุ่มเสี่ยง),ฉีด,408
เขต 7 ขอนแก่น,11080,ลูกข่าย,05354,รพ.สต.บ้านหนองผือ,V11:ฉีดวัคซีนป้องกันโรคป้องกันโรคไข้หวัดใหญ่ตามฤดูกาล(7กลุ่มเสี่ยง),เป้าหมาย(รายหน่วย),400
เขต 7 ขอนแก่น,11080,ลูกข่าย,05354,รพ.สต.บ้านหนองผือ,V11:ฉีดวัคซีนป้องกันโรคป้องกันโรคไข้หวัดใหญ่ตามฤดูกาล(7กลุ่มเสี่ยง),เป้าหมาย(ทั้งหมด),0
เขต 7 ขอนแก่น,11080,ลูกข่าย,05355,รพ.สต.บ้านโพนสวาง,V11:ฉีดวัคซีนป้องกันโรคป้องกันโรคไข้หวัดใหญ่ตามฤดูกาล(7กลุ่มเสี่ยง),ฉีด,201
เขต 7 ขอนแก่น,11080,ลูกข่าย,05355,รพ.สต.บ้านโพนสวาง,V11:ฉีดวัคซีนป้องกันโรคป้องกันโรคไข้หวัดใหญ่ตามฤดูกาล(7กลุ่มเสี่ยง),เป้าหมาย(รายหน่วย),500
เขต 7 ขอนแก่น,11080,ลูกข่าย,05355,รพ.สต.บ้านโพนสวาง,V11:ฉีดวัคซีนป้องกันโรคป้องกันโรคไข้หวัดใหญ่ตามฤดูกาล(7กลุ่มเสี่ยง),เป้าหมาย(ทั้งหมด),0
เขต 7 ขอนแก่น,11080,ลูกข่าย,05356,รพ.สต.บ้านส้มป่อย,V11:ฉีดวัคซีนป้องกันโรคป้องกันโรคไข้หวัดใหญ่ตามฤดูกาล(7กลุ่มเสี่ยง),ฉีด,392
เขต 7 ขอนแก่น,11080,ลูกข่าย,05356,รพ.สต.บ้านส้มป่อย,V11:ฉีดวัคซีนป้องกันโรคป้องกันโรคไข้หวัดใหญ่ตามฤดูกาล(7กลุ่มเสี่ยง),เป้าหมาย(รายหน่วย),500
เขต 7 ขอนแก่น,11080,ลูกข่าย,05356,รพ.สต.บ้านส้มป่อย,V11:ฉีดวัคซีนป้องกันโรคป้องกันโรคไข้หวัดใหญ่ตามฤดูกาล(7กลุ่มเสี่ยง),เป้าหมาย(ทั้งหมด),0
เขต 7 ขอนแก่น,11081,แม่ข่าย,11081,รพ.ยางตลาด,V11:ฉีดวัคซีนป้องกันโรคป้องกันโรคไข้หวัดใหญ่ตามฤดูกาล(7กลุ่มเสี่ยง),ฉีด,1465
เขต 7 ขอนแก่น,11081,แม่ข่าย,11081,รพ.ยางตลาด,V11:ฉีดวัคซีนป้องกันโรคป้องกันโรคไข้หวัดใหญ่ตามฤดูกาล(7กลุ่มเสี่ยง),เป้าหมาย(รายหน่วย),1500
เขต 7 ขอนแก่น,11081,แม่ข่าย,11081,รพ.ยางตลาด,V11:ฉีดวัคซีนป้องกันโรคป้องกันโรคไข้หวัดใหญ่ตามฤดูกาล(7กลุ่มเสี่ยง),เป้าหมาย(ทั้งหมด),10740
เขต 7 ขอนแก่น,11081,ลูกข่าย,05357,รพ.สต.บ้านเสียว,V11:ฉีดวัคซีนป้องกันโรคป้องกันโรคไข้หวัดใหญ่ตามฤดูกาล(7กลุ่มเสี่ยง),ฉีด,0
เขต 7 ขอนแก่น,11081,ลูกข่าย,05357,รพ.สต.บ้านเสียว,V11:ฉีดวัคซีนป้องกันโรคป้องกันโรคไข้หวัดใหญ่ตามฤดูกาล(7กลุ่มเสี่ยง),เป้าหมาย(รายหน่วย),700
เขต 7 ขอนแก่น,11081,ลูกข่าย,05357,รพ.สต.บ้านเสียว,V11:ฉีดวัคซีนป้องกันโรคป้องกันโรคไข้หวัดใหญ่ตามฤดูกาล(7กลุ่มเสี่ยง),เป้าหมาย(ทั้งหมด),0
เขต 7 ขอนแก่น,11081,ลูกข่าย,05358,รพ.สต.บ้านโคกศรี,V11:ฉีดวัคซีนป้องกันโรคป้องกันโรคไข้หวัดใหญ่ตามฤดูกาล(7กลุ่มเสี่ยง),ฉีด,751
เขต 7 ขอนแก่น,11081,ลูกข่าย,05358,รพ.สต.บ้านโคกศรี,V11:ฉีดวัคซีนป้องกันโรคป้องกันโรคไข้หวัดใหญ่ตามฤดูกาล(7กลุ่มเสี่ยง),เป้าหมาย(รายหน่วย),750
เขต 7 ขอนแก่น,11081,ลูกข่าย,05358,รพ.สต.บ้านโคกศรี,V11:ฉีดวัคซีนป้องกันโรคป้องกันโรคไข้หวัดใหญ่ตามฤดูกาล(7กลุ่มเสี่ยง),เป้าหมาย(ทั้งหมด),0
เขต 7 ขอนแก่น,11081,ลูกข่าย,05359,รพ.สต.บ้านตูม,V11:ฉีดวัคซีนป้องกันโรคป้องกันโรคไข้หวัดใหญ่ตามฤดูกาล(7กลุ่มเสี่ยง),ฉีด,376
เขต 7 ขอนแก่น,11081,ลูกข่าย,05359,รพ.สต.บ้านตูม,V11:ฉีดวัคซีนป้องกันโรคป้องกันโรคไข้หวัดใหญ่ตามฤดูกาล(7กลุ่มเสี่ยง),เป้าหมาย(รายหน่วย),500
เขต 7 ขอนแก่น,11081,ลูกข่าย,05359,รพ.สต.บ้านตูม,V11:ฉีดวัคซีนป้องกันโรคป้องกันโรคไข้หวัดใหญ่ตามฤดูกาล(7กลุ่มเสี่ยง),เป้าหมาย(ทั้งหมด),0
เขต 7 ขอนแก่น,11081,ลูกข่าย,05360,รพ.สต.บ้านโคกใหญ่,V11:ฉีดวัคซีนป้องกันโรคป้องกันโรคไข้หวัดใหญ่ตามฤดูกาล(7กลุ่มเสี่ยง),ฉีด,0
เขต 7 ขอนแก่น,11081,ลูกข่าย,05360,รพ.สต.บ้านโคกใหญ่,V11:ฉีดวัคซีนป้องกันโรคป้องกันโรคไข้หวัดใหญ่ตามฤดูกาล(7กลุ่มเสี่ยง),เป้าหมาย(รายหน่วย),500
เขต 7 ขอนแก่น,11081,ลูกข่าย,05360,รพ.สต.บ้านโคกใหญ่,V11:ฉีดวัคซีนป้องกันโรคป้องกันโรคไข้หวัดใหญ่ตามฤดูกาล(7กลุ่มเสี่ยง),เป้าหมาย(ทั้งหมด),0
เขต 7 ขอนแก่น,11081,ลูกข่าย,05361,รพ.สต.บ้านห้วยเตย,V11:ฉีดวัคซีนป้องกันโรคป้องกันโรคไข้หวัดใหญ่ตามฤดูกาล(7กลุ่มเสี่ยง),ฉีด,378
เขต 7 ขอนแก่น,11081,ลูกข่าย,05361,รพ.สต.บ้านห้วยเตย,V11:ฉีดวัคซีนป้องกันโรคป้องกันโรคไข้หวัดใหญ่ตามฤดูกาล(7กลุ่มเสี่ยง),เป้าหมาย(รายหน่วย),500
เขต 7 ขอนแก่น,11081,ลูกข่าย,05361,รพ.สต.บ้านห้วยเตย,V11:ฉีดวัคซีนป้องกันโรคป้องกันโรคไข้หวัดใหญ่ตามฤดูกาล(7กลุ่มเสี่ยง),เป้าหมาย(ทั้งหมด),0
เขต 7 ขอนแก่น,11081,ลูกข่าย,05362,รพ.สต.บ้านแก,V11:ฉีดวัคซีนป้องกันโรคป้องกันโรคไข้หวัดใหญ่ตามฤดูกาล(7กลุ่มเสี่ยง),ฉีด,0
เขต 7 ขอนแก่น,11081,ลูกข่าย,05362,รพ.สต.บ้านแก,V11:ฉีดวัคซีนป้องกันโรคป้องกันโรคไข้หวัดใหญ่ตามฤดูกาล(7กลุ่มเสี่ยง),เป้าหมาย(รายหน่วย),500
เขต 7 ขอนแก่น,11081,ลูกข่าย,05362,รพ.สต.บ้านแก,V11:ฉีดวัคซีนป้องกันโรคป้องกันโรคไข้หวัดใหญ่ตามฤดูกาล(7กลุ่มเสี่ยง),เป้าหมาย(ทั้งหมด),0
เขต 7 ขอนแก่น,11081,ลูกข่าย,05363,รพ.สต.บ้านหัวนาคำ,V11:ฉีดวัคซีนป้องกันโรคป้องกันโรคไข้หวัดใหญ่ตามฤดูกาล(7กลุ่มเสี่ยง),ฉีด,701
เขต 7 ขอนแก่น,11081,ลูกข่าย,05363,รพ.สต.บ้านหัวนาคำ,V11:ฉีดวัคซีนป้องกันโรคป้องกันโรคไข้หวัดใหญ่ตามฤดูกาล(7กลุ่มเสี่ยง),เป้าหมาย(รายหน่วย),700
เขต 7 ขอนแก่น,11081,ลูกข่าย,05363,รพ.สต.บ้านหัวนาคำ,V11:ฉีดวัคซีนป้องกันโรคป้องกันโรคไข้หวัดใหญ่ตามฤดูกาล(7กลุ่มเสี่ยง),เป้าหมาย(ทั้งหมด),0
เขต 7 ขอนแก่น,11081,ลูกข่าย,05364,รพ.สต.บ้านดงบัง,V11:ฉีดวัคซีนป้องกันโรคป้องกันโรคไข้หวัดใหญ่ตามฤดูกาล(7กลุ่มเสี่ยง),ฉีด,0
เขต 7 ขอนแก่น,11081,ลูกข่าย,05364,รพ.สต.บ้านดงบัง,V11:ฉีดวัคซีนป้องกันโรคป้องกันโรคไข้หวัดใหญ่ตามฤดูกาล(7กลุ่มเสี่ยง),เป้าหมาย(รายหน่วย),450
เขต 7 ขอนแก่น,11081,ลูกข่าย,05364,รพ.สต.บ้านดงบัง,V11:ฉีดวัคซีนป้องกันโรคป้องกันโรคไข้หวัดใหญ่ตามฤดูกาล(7กลุ่มเสี่ยง),เป้าหมาย(ทั้งหมด),0
เขต 7 ขอนแก่น,11081,ลูกข่าย,05365,รพ.สต.บ้านหนองอิเฒ่า,V11:ฉีดวัคซีนป้องกันโรคป้องกันโรคไข้หวัดใหญ่ตามฤดูกาล(7กลุ่มเสี่ยง),ฉีด,389
เขต 7 ขอนแก่น,11081,ลูกข่าย,05365,รพ.สต.บ้านหนองอิเฒ่า,V11:ฉีดวัคซีนป้องกันโรคป้องกันโรคไข้หวัดใหญ่ตามฤดูกาล(7กลุ่มเสี่ยง),เป้าหมาย(รายหน่วย),400
เขต 7 ขอนแก่น,11081,ลูกข่าย,05365,รพ.สต.บ้านหนองอิเฒ่า,V11:ฉีดวัคซีนป้องกันโรคป้องกันโรคไข้หวัดใหญ่ตามฤดูกาล(7กลุ่มเสี่ยง),เป้าหมาย(ทั้งหมด),0
เขต 7 ขอนแก่น,11081,ลูกข่าย,05366,รพ.สต.บ้านดอนยานาง,V11:ฉีดวัคซีนป้องกันโรคป้องกันโรคไข้หวัดใหญ่ตามฤดูกาล(7กลุ่มเสี่ยง),ฉีด,597
เขต 7 ขอนแก่น,11081,ลูกข่าย,05366,รพ.สต.บ้านดอนยานาง,V11:ฉีดวัคซีนป้องกันโรคป้องกันโรคไข้หวัดใหญ่ตามฤดูกาล(7กลุ่มเสี่ยง),เป้าหมาย(รายหน่วย),600
เขต 7 ขอนแก่น,11081,ลูกข่าย,05366,รพ.สต.บ้านดอนยานาง,V11:ฉีดวัคซีนป้องกันโรคป้องกันโรคไข้หวัดใหญ่ตามฤดูกาล(7กลุ่มเสี่ยง),เป้าหมาย(ทั้งหมด),0
เขต 7 ขอนแก่น,11081,ลูกข่าย,05367,รพ.สต.บ้านนาเชือก,V11:ฉีดวัคซีนป้องกันโรคป้องกันโรคไข้หวัดใหญ่ตามฤดูกาล(7กลุ่มเสี่ยง),ฉีด,355
เขต 7 ขอนแก่น,11081,ลูกข่าย,05367,รพ.สต.บ้านนาเชือก,V11:ฉีดวัคซีนป้องกันโรคป้องกันโรคไข้หวัดใหญ่ตามฤดูกาล(7กลุ่มเสี่ยง),เป้าหมาย(รายหน่วย),500
เขต 7 ขอนแก่น,11081,ลูกข่าย,05367,รพ.สต.บ้านนาเชือก,V11:ฉีดวัคซีนป้องกันโรคป้องกันโรคไข้หวัดใหญ่ตามฤดูกาล(7กลุ่มเสี่ยง),เป้าหมาย(ทั้งหมด),0
เขต 7 ขอนแก่น,11081,ลูกข่าย,05368,รพ.สต.บ้านขาม,V11:ฉีดวัคซีนป้องกันโรคป้องกันโรคไข้หวัดใหญ่ตามฤดูกาล(7กลุ่มเสี่ยง),ฉีด,131
เขต 7 ขอนแก่น,11081,ลูกข่าย,05368,รพ.สต.บ้านขาม,V11:ฉีดวัคซีนป้องกันโรคป้องกันโรคไข้หวัดใหญ่ตามฤดูกาล(7กลุ่มเสี่ยง),เป้าหมาย(รายหน่วย),540
เขต 7 ขอนแก่น,11081,ลูกข่าย,05368,รพ.สต.บ้านขาม,V11:ฉีดวัคซีนป้องกันโรคป้องกันโรคไข้หวัดใหญ่ตามฤดูกาล(7กลุ่มเสี่ยง),เป้าหมาย(ทั้งหมด),0
เขต 7 ขอนแก่น,11081,ลูกข่าย,05369,รพ.สต.บ้านโคกศรี,V11:ฉีดวัคซีนป้องกันโรคป้องกันโรคไข้หวัดใหญ่ตามฤดูกาล(7กลุ่มเสี่ยง),ฉีด,222
เขต 7 ขอนแก่น,11081,ลูกข่าย,05369,รพ.สต.บ้านโคกศรี,V11:ฉีดวัคซีนป้องกันโรคป้องกันโรคไข้หวัดใหญ่ตามฤดูกาล(7กลุ่มเสี่ยง),เป้าหมาย(รายหน่วย),550
เขต 7 ขอนแก่น,11081,ลูกข่าย,05369,รพ.สต.บ้านโคกศรี,V11:ฉีดวัคซีนป้องกันโรคป้องกันโรคไข้หวัดใหญ่ตามฤดูกาล(7กลุ่มเสี่ยง),เป้าหมาย(ทั้งหมด),0
เขต 7 ขอนแก่น,11081,ลูกข่าย,05370,รพ.สต.พุทธรักษา,V11:ฉีดวัคซีนป้องกันโรคป้องกันโรคไข้หวัดใหญ่ตามฤดูกาล(7กลุ่มเสี่ยง),ฉีด,0
เขต 7 ขอนแก่น,11081,ลูกข่าย,05370,รพ.สต.พุทธรักษา,V11:ฉีดวัคซีนป้องกันโรคป้องกันโรคไข้หวัดใหญ่ตามฤดูกาล(7กลุ่มเสี่ยง),เป้าหมาย(รายหน่วย),550
เขต 7 ขอนแก่น,11081,ลูกข่าย,05370,รพ.สต.พุทธรักษา,V11:ฉีดวัคซีนป้องกันโรคป้องกันโรคไข้หวัดใหญ่ตามฤดูกาล(7กลุ่มเสี่ยง),เป้าหมาย(ทั้งหมด),0
เขต 7 ขอนแก่น,11081,ลูกข่าย,05371,รพ.สต.บ้านปอแดง,V11:ฉีดวัคซีนป้องกันโรคป้องกันโรคไข้หวัดใหญ่ตามฤดูกาล(7กลุ่มเสี่ยง),ฉีด,464
เขต 7 ขอนแก่น,11081,ลูกข่าย,05371,รพ.สต.บ้านปอแดง,V11:ฉีดวัคซีนป้องกันโรคป้องกันโรคไข้หวัดใหญ่ตามฤดูกาล(7กลุ่มเสี่ยง),เป้าหมาย(รายหน่วย),550
เขต 7 ขอนแก่น,11081,ลูกข่าย,05371,รพ.สต.บ้านปอแดง,V11:ฉีดวัคซีนป้องกันโรคป้องกันโรคไข้หวัดใหญ่ตามฤดูกาล(7กลุ่มเสี่ยง),เป้าหมาย(ทั้งหมด),0
เขต 7 ขอนแก่น,11081,ลูกข่าย,05372,รพ.สต.บ้านโนนสูง,V11:ฉีดวัคซีนป้องกันโรคป้องกันโรคไข้หวัดใหญ่ตามฤดูกาล(7กลุ่มเสี่ยง),ฉีด,0
เขต 7 ขอนแก่น,11081,ลูกข่าย,05372,รพ.สต.บ้านโนนสูง,V11:ฉีดวัคซีนป้องกันโรคป้องกันโรคไข้หวัดใหญ่ตามฤดูกาล(7กลุ่มเสี่ยง),เป้าหมาย(รายหน่วย),500
เขต 7 ขอนแก่น,11081,ลูกข่าย,05372,รพ.สต.บ้านโนนสูง,V11:ฉีดวัคซีนป้องกันโรคป้องกันโรคไข้หวัดใหญ่ตามฤดูกาล(7กลุ่มเสี่ยง),เป้าหมาย(ทั้งหมด),0
เขต 7 ขอนแก่น,11081,ลูกข่าย,05373,รพ.สต.บ้านหนองตอกแป้น,V11:ฉีดวัคซีนป้องกันโรคป้องกันโรคไข้หวัดใหญ่ตามฤดูกาล(7กลุ่มเสี่ยง),ฉีด,0
เขต 7 ขอนแก่น,11081,ลูกข่าย,05373,รพ.สต.บ้านหนองตอกแป้น,V11:ฉีดวัคซีนป้องกันโรคป้องกันโรคไข้หวัดใหญ่ตามฤดูกาล(7กลุ่มเสี่ยง),เป้าหมาย(รายหน่วย),450
เขต 7 ขอนแก่น,11081,ลูกข่าย,05373,รพ.สต.บ้านหนองตอกแป้น,V11:ฉีดวัคซีนป้องกันโรคป้องกันโรคไข้หวัดใหญ่ตามฤดูกาล(7กลุ่มเสี่ยง),เป้าหมาย(ทั้งหมด),0
เขต 7 ขอนแก่น,11082,แม่ข่าย,11082,รพ.ห้วยเม็ก,V11:ฉีดวัคซีนป้องกันโรคป้องกันโรคไข้หวัดใหญ่ตามฤดูกาล(7กลุ่มเสี่ยง),ฉีด,444
เขต 7 ขอนแก่น,11082,แม่ข่าย,11082,รพ.ห้วยเม็ก,V11:ฉีดวัคซีนป้องกันโรคป้องกันโรคไข้หวัดใหญ่ตามฤดูกาล(7กลุ่มเสี่ยง),เป้าหมาย(รายหน่วย),445
เขต 7 ขอนแก่น,11082,แม่ข่าย,11082,รพ.ห้วยเม็ก,V11:ฉีดวัคซีนป้องกันโรคป้องกันโรคไข้หวัดใหญ่ตามฤดูกาล(7กลุ่มเสี่ยง),เป้าหมาย(ทั้งหมด),4200
เขต 7 ขอนแก่น,11082,ลูกข่าย,05374,รพ.สต.บ้านคำใหญ่,V11:ฉีดวัคซีนป้องกันโรคป้องกันโรคไข้หวัดใหญ่ตามฤดูกาล(7กลุ่มเสี่ยง),ฉีด,385
เขต 7 ขอนแก่น,11082,ลูกข่าย,05374,รพ.สต.บ้านคำใหญ่,V11:ฉีดวัคซีนป้องกันโรคป้องกันโรคไข้หวัดใหญ่ตามฤดูกาล(7กลุ่มเสี่ยง),เป้าหมาย(รายหน่วย),440
เขต 7 ขอนแก่น,11082,ลูกข่าย,05374,รพ.สต.บ้านคำใหญ่,V11:ฉีดวัคซีนป้องกันโรคป้องกันโรคไข้หวัดใหญ่ตามฤดูกาล(7กลุ่มเสี่ยง),เป้าหมาย(ทั้งหมด),0
เขต 7 ขอนแก่น,11082,ลูกข่าย,05375,รพ.สต.บ้านกุดโดน,V11:ฉีดวัคซีนป้องกันโรคป้องกันโรคไข้หวัดใหญ่ตามฤดูกาล(7กลุ่มเสี่ยง),ฉีด,445
เขต 7 ขอนแก่น,11082,ลูกข่าย,05375,รพ.สต.บ้านกุดโดน,V11:ฉีดวัคซีนป้องกันโรคป้องกันโรคไข้หวัดใหญ่ตามฤดูกาล(7กลุ่มเสี่ยง),เป้าหมาย(รายหน่วย),445
เขต 7 ขอนแก่น,11082,ลูกข่าย,05375,รพ.สต.บ้านกุดโดน,V11:ฉีดวัคซีนป้องกันโรคป้องกันโรคไข้หวัดใหญ่ตามฤดูกาล(7กลุ่มเสี่ยง),เป้าหมาย(ทั้งหมด),0
เขต 7 ขอนแก่น,11082,ลูกข่าย,05376,รพ.สต.บ้านหนองบัว,V11:ฉีดวัคซีนป้องกันโรคป้องกันโรคไข้หวัดใหญ่ตามฤดูกาล(7กลุ่มเสี่ยง),ฉีด,281
เขต 7 ขอนแก่น,11082,ลูกข่าย,05376,รพ.สต.บ้านหนองบัว,V11:ฉีดวัคซีนป้องกันโรคป้องกันโรคไข้หวัดใหญ่ตามฤดูกาล(7กลุ่มเสี่ยง),เป้าหมาย(รายหน่วย),443
เขต 7 ขอนแก่น,11082,ลูกข่าย,05376,รพ.สต.บ้านหนองบัว,V11:ฉีดวัคซีนป้องกันโรคป้องกันโรคไข้หวัดใหญ่ตามฤดูกาล(7กลุ่มเสี่ยง),เป้าหมาย(ทั้งหมด),0
เขต 7 ขอนแก่น,11082,ลูกข่าย,05377,รพ.สต.บ้านห้วยมะทอ,V11:ฉีดวัคซีนป้องกันโรคป้องกันโรคไข้หวัดใหญ่ตามฤดูกาล(7กลุ่มเสี่ยง),ฉีด,429
เขต 7 ขอนแก่น,11082,ลูกข่าย,05377,รพ.สต.บ้านห้วยมะทอ,V11:ฉีดวัคซีนป้องกันโรคป้องกันโรคไข้หวัดใหญ่ตามฤดูกาล(7กลุ่มเสี่ยง),เป้าหมาย(รายหน่วย),442
เขต 7 ขอนแก่น,11082,ลูกข่าย,05377,รพ.สต.บ้านห้วยมะทอ,V11:ฉีดวัคซีนป้องกันโรคป้องกันโรคไข้หวัดใหญ่ตามฤดูกาล(7กลุ่มเสี่ยง),เป้าหมาย(ทั้งหมด),0
เขต 7 ขอนแก่น,11082,ลูกข่าย,05378,รพ.สต.บ้านพิมูล,V11:ฉีดวัคซีนป้องกันโรคป้องกันโรคไข้หวัดใหญ่ตามฤดูกาล(7กลุ่มเสี่ยง),ฉีด,154
เขต 7 ขอนแก่น,11082,ลูกข่าย,05378,รพ.สต.บ้านพิมูล,V11:ฉีดวัคซีนป้องกันโรคป้องกันโรคไข้หวัดใหญ่ตามฤดูกาล(7กลุ่มเสี่ยง),เป้าหมาย(รายหน่วย),387
เขต 7 ขอนแก่น,11082,ลูกข่าย,05378,รพ.สต.บ้านพิมูล,V11:ฉีดวัคซีนป้องกันโรคป้องกันโรคไข้หวัดใหญ่ตามฤดูกาล(7กลุ่มเสี่ยง),เป้าหมาย(ทั้งหมด),0
เขต 7 ขอนแก่น,11082,ลูกข่าย,05379,รพ.สต.บ้านคำเหมือดแก้ว,V11:ฉีดวัคซีนป้องกันโรคป้องกันโรคไข้หวัดใหญ่ตามฤดูกาล(7กลุ่มเสี่ยง),ฉีด,307
เขต 7 ขอนแก่น,11082,ลูกข่าย,05379,รพ.สต.บ้านคำเหมือดแก้ว,V11:ฉีดวัคซีนป้องกันโรคป้องกันโรคไข้หวัดใหญ่ตามฤดูกาล(7กลุ่มเสี่ยง),เป้าหมาย(รายหน่วย),420
เขต 7 ขอนแก่น,11082,ลูกข่าย,05379,รพ.สต.บ้านคำเหมือดแก้ว,V11:ฉีดวัคซีนป้องกันโรคป้องกันโรคไข้หวัดใหญ่ตามฤดูกาล(7กลุ่มเสี่ยง),เป้าหมาย(ทั้งหมด),0
เขต 7 ขอนแก่น,11082,ลูกข่าย,05380,รพ.สต.บ้านโนนขี้ควง,V11:ฉีดวัคซีนป้องกันโรคป้องกันโรคไข้หวัดใหญ่ตามฤดูกาล(7กลุ่มเสี่ยง),ฉีด,70
เขต 7 ขอนแก่น,11082,ลูกข่าย,05380,รพ.สต.บ้านโนนขี้ควง,V11:ฉีดวัคซีนป้องกันโรคป้องกันโรคไข้หวัดใหญ่ตามฤดูกาล(7กลุ่มเสี่ยง),เป้าหมาย(รายหน่วย),405
เขต 7 ขอนแก่น,11082,ลูกข่าย,05380,รพ.สต.บ้านโนนขี้ควง,V11:ฉีดวัคซีนป้องกันโรคป้องกันโรคไข้หวัดใหญ่ตามฤดูกาล(7กลุ่มเสี่ยง),เป้าหมาย(ทั้งหมด),0
เขต 7 ขอนแก่น,11082,ลูกข่าย,05381,รพ.สต.บ้านทรายทอง,V11:ฉีดวัคซีนป้องกันโรคป้องกันโรคไข้หวัดใหญ่ตามฤดูกาล(7กลุ่มเสี่ยง),ฉีด,159
เขต 7 ขอนแก่น,11082,ลูกข่าย,05381,รพ.สต.บ้านทรายทอง,V11:ฉีดวัคซีนป้องกันโรคป้องกันโรคไข้หวัดใหญ่ตามฤดูกาล(7กลุ่มเสี่ยง),เป้าหมาย(รายหน่วย),385
เขต 7 ขอนแก่น,11082,ลูกข่าย,05381,รพ.สต.บ้านทรายทอง,V11:ฉีดวัคซีนป้องกันโรคป้องกันโรคไข้หวัดใหญ่ตามฤดูกาล(7กลุ่มเสี่ยง),เป้าหมาย(ทั้งหมด),0
เขต 7 ขอนแก่น,11082,ลูกข่าย,14284,รพ.สต.บ้านหาดทรายมูล,V11:ฉีดวัคซีนป้องกันโรคป้องกันโรคไข้หวัดใหญ่ตามฤดูกาล(7กลุ่มเสี่ยง),ฉีด,173
เขต 7 ขอนแก่น,11082,ลูกข่าย,14284,รพ.สต.บ้านหาดทรายมูล,V11:ฉีดวัคซีนป้องกันโรคป้องกันโรคไข้หวัดใหญ่ตามฤดูกาล(7กลุ่มเสี่ยง),เป้าหมาย(รายหน่วย),388
เขต 7 ขอนแก่น,11082,ลูกข่าย,14284,รพ.สต.บ้านหาดทรายมูล,V11:ฉีดวัคซีนป้องกันโรคป้องกันโรคไข้หวัดใหญ่ตามฤดูกาล(7กลุ่มเสี่ยง),เป้าหมาย(ทั้งหมด),0
เขต 7 ขอนแก่น,11083,แม่ข่าย,11083,รพ.สหัสขันธ์,V11:ฉีดวัคซีนป้องกันโรคป้องกันโรคไข้หวัดใหญ่ตามฤดูกาล(7กลุ่มเสี่ยง),ฉีด,783
เขต 7 ขอนแก่น,11083,แม่ข่าย,11083,รพ.สหัสขันธ์,V11:ฉีดวัคซีนป้องกันโรคป้องกันโรคไข้หวัดใหญ่ตามฤดูกาล(7กลุ่มเสี่ยง),เป้าหมาย(รายหน่วย),820
เขต 7 ขอนแก่น,11083,แม่ข่าย,11083,รพ.สหัสขันธ์,V11:ฉีดวัคซีนป้องกันโรคป้องกันโรคไข้หวัดใหญ่ตามฤดูกาล(7กลุ่มเสี่ยง),เป้าหมาย(ทั้งหมด),4800
เขต 7 ขอนแก่น,11083,ลูกข่าย,05382,รพ.สต.บ้านคำลือชา,V11:ฉีดวัคซีนป้องกันโรคป้องกันโรคไข้หวัดใหญ่ตามฤดูกาล(7กลุ่มเสี่ยง),ฉีด,288
เขต 7 ขอนแก่น,11083,ลูกข่าย,05382,รพ.สต.บ้านคำลือชา,V11:ฉีดวัคซีนป้องกันโรคป้องกันโรคไข้หวัดใหญ่ตามฤดูกาล(7กลุ่มเสี่ยง),เป้าหมาย(รายหน่วย),410
เขต 7 ขอนแก่น,11083,ลูกข่าย,05382,รพ.สต.บ้านคำลือชา,V11:ฉีดวัคซีนป้องกันโรคป้องกันโรคไข้หวัดใหญ่ตามฤดูกาล(7กลุ่มเสี่ยง),เป้าหมาย(ทั้งหมด),0
เขต 7 ขอนแก่น,11083,ลูกข่าย,05383,รพ.สต.บ้านโนนสมบูรณ์,V11:ฉีดวัคซีนป้องกันโรคป้องกันโรคไข้หวัดใหญ่ตามฤดูกาล(7กลุ่มเสี่ยง),ฉีด,138
เขต 7 ขอนแก่น,11083,ลูกข่าย,05383,รพ.สต.บ้านโนนสมบูรณ์,V11:ฉีดวัคซีนป้องกันโรคป้องกันโรคไข้หวัดใหญ่ตามฤดูกาล(7กลุ่มเสี่ยง),เป้าหมาย(รายหน่วย),235
เขต 7 ขอนแก่น,11083,ลูกข่าย,05383,รพ.สต.บ้านโนนสมบูรณ์,V11:ฉีดวัคซีนป้องกันโรคป้องกันโรคไข้หวัดใหญ่ตามฤดูกาล(7กลุ่มเสี่ยง),เป้าหมาย(ทั้งหมด),0
เขต 7 ขอนแก่น,11083,ลูกข่าย,05384,รพ.สต.บ้านนามะเขือ,V11:ฉีดวัคซีนป้องกันโรคป้องกันโรคไข้หวัดใหญ่ตามฤดูกาล(7กลุ่มเสี่ยง),ฉีด,160
เขต 7 ขอนแก่น,11083,ลูกข่าย,05384,รพ.สต.บ้านนามะเขือ,V11:ฉีดวัคซีนป้องกันโรคป้องกันโรคไข้หวัดใหญ่ตามฤดูกาล(7กลุ่มเสี่ยง),เป้าหมาย(รายหน่วย),950
เขต 7 ขอนแก่น,11083,ลูกข่าย,05384,รพ.สต.บ้านนามะเขือ,V11:ฉีดวัคซีนป้องกันโรคป้องกันโรคไข้หวัดใหญ่ตามฤดูกาล(7กลุ่มเสี่ยง),เป้าหมาย(ทั้งหมด),0
เขต 7 ขอนแก่น,11083,ลูกข่าย,05385,รพ.สต.บ้านโคกก่อง,V11:ฉีดวัคซีนป้องกันโรคป้องกันโรคไข้หวัดใหญ่ตามฤดูกาล(7กลุ่มเสี่ยง),ฉีด,226
เขต 7 ขอนแก่น,11083,ลูกข่าย,05385,รพ.สต.บ้านโคกก่อง,V11:ฉีดวัคซีนป้องกันโรคป้องกันโรคไข้หวัดใหญ่ตามฤดูกาล(7กลุ่มเสี่ยง),เป้าหมาย(รายหน่วย),400
เขต 7 ขอนแก่น,11083,ลูกข่าย,05385,รพ.สต.บ้านโคกก่อง,V11:ฉีดวัคซีนป้องกันโรคป้องกันโรคไข้หวัดใหญ่ตามฤดูกาล(7กลุ่มเสี่ยง),เป้าหมาย(ทั้งหมด),0
เขต 7 ขอนแก่น,11083,ลูกข่าย,05386,รพ.สต.บ้านม่วงกุญชร (บ้านม่วงคำ),V11:ฉีดวัคซีนป้องกันโรคป้องกันโรคไข้หวัดใหญ่ตามฤดูกาล(7กลุ่มเสี่ยง),ฉีด,344
เขต 7 ขอนแก่น,11083,ลูกข่าย,05386,รพ.สต.บ้านม่วงกุญชร (บ้านม่วงคำ),V11:ฉีดวัคซีนป้องกันโรคป้องกันโรคไข้หวัดใหญ่ตามฤดูกาล(7กลุ่มเสี่ยง),เป้าหมาย(รายหน่วย),355
เขต 7 ขอนแก่น,11083,ลูกข่าย,05386,รพ.สต.บ้านม่วงกุญชร (บ้านม่วงคำ),V11:ฉีดวัคซีนป้องกันโรคป้องกันโรคไข้หวัดใหญ่ตามฤดูกาล(7กลุ่มเสี่ยง),เป้าหมาย(ทั้งหมด),0
เขต 7 ขอนแก่น,11083,ลูกข่าย,05387,รพ.สต.แก้งนคร,V11:ฉีดวัคซีนป้องกันโรคป้องกันโรคไข้หวัดใหญ่ตามฤดูกาล(7กลุ่มเสี่ยง),ฉีด,311
เขต 7 ขอนแก่น,11083,ลูกข่าย,05387,รพ.สต.แก้งนคร,V11:ฉีดวัคซีนป้องกันโรคป้องกันโรคไข้หวัดใหญ่ตามฤดูกาล(7กลุ่มเสี่ยง),เป้าหมาย(รายหน่วย),330
เขต 7 ขอนแก่น,11083,ลูกข่าย,05387,รพ.สต.แก้งนคร,V11:ฉีดวัคซีนป้องกันโรคป้องกันโรคไข้หวัดใหญ่ตามฤดูกาล(7กลุ่มเสี่ยง),เป้าหมาย(ทั้งหมด),0
เขต 7 ขอนแก่น,11083,ลูกข่าย,05388,รพ.สต.บ้านโนนแหลมทอง,V11:ฉีดวัคซีนป้องกันโรคป้องกันโรคไข้หวัดใหญ่ตามฤดูกาล(7กลุ่มเสี่ยง),ฉีด,492
เขต 7 ขอนแก่น,11083,ลูกข่าย,05388,รพ.สต.บ้านโนนแหลมทอง,V11:ฉีดวัคซีนป้องกันโรคป้องกันโรคไข้หวัดใหญ่ตามฤดูกาล(7กลุ่มเสี่ยง),เป้าหมาย(รายหน่วย),680
เขต 7 ขอนแก่น,11083,ลูกข่าย,05388,รพ.สต.บ้านโนนแหลมทอง,V11:ฉีดวัคซีนป้องกันโรคป้องกันโรคไข้หวัดใหญ่ตามฤดูกาล(7กลุ่มเสี่ยง),เป้าหมาย(ทั้งหมด),0
เขต 7 ขอนแก่น,11083,ลูกข่าย,05389,รพ.สต.บ้านโนนน้ำเกลี้ยง,V11:ฉีดวัคซีนป้องกันโรคป้องกันโรคไข้หวัดใหญ่ตามฤดูกาล(7กลุ่มเสี่ยง),ฉีด,269
เขต 7 ขอนแก่น,11083,ลูกข่าย,05389,รพ.สต.บ้านโนนน้ำเกลี้ยง,V11:ฉีดวัคซีนป้องกันโรคป้องกันโรคไข้หวัดใหญ่ตามฤดูกาล(7กลุ่มเสี่ยง),เป้าหมาย(รายหน่วย),620
เขต 7 ขอนแก่น,11083,ลูกข่าย,05389,รพ.สต.บ้านโนนน้ำเกลี้ยง,V11:ฉีดวัคซีนป้องกันโรคป้องกันโรคไข้หวัดใหญ่ตามฤดูกาล(7กลุ่มเสี่ยง),เป้าหมาย(ทั้งหมด),0
เขต 7 ขอนแก่น,11084,แม่ข่าย,11084,รพ.คำม่วง,V11:ฉีดวัคซีนป้องกันโรคป้องกันโรคไข้หวัดใหญ่ตามฤดูกาล(7กลุ่มเสี่ยง),ฉีด,818
เขต 7 ขอนแก่น,11084,แม่ข่าย,11084,รพ.คำม่วง,V11:ฉีดวัคซีนป้องกันโรคป้องกันโรคไข้หวัดใหญ่ตามฤดูกาล(7กลุ่มเสี่ยง),เป้าหมาย(รายหน่วย),1300
เขต 7 ขอนแก่น,11084,แม่ข่าย,11084,รพ.คำม่วง,V11:ฉีดวัคซีนป้องกันโรคป้องกันโรคไข้หวัดใหญ่ตามฤดูกาล(7กลุ่มเสี่ยง),เป้าหมาย(ทั้งหมด),6000
เขต 7 ขอนแก่น,11084,ลูกข่าย,05390,สอ.บ้านเก่าเดื่อ,V11:ฉีดวัคซีนป้องกันโรคป้องกันโรคไข้หวัดใหญ่ตามฤดูกาล(7กลุ่มเสี่ยง),ฉีด,100
เขต 7 ขอนแก่น,11084,ลูกข่าย,05390,สอ.บ้านเก่าเดื่อ,V11:ฉีดวัคซีนป้องกันโรคป้องกันโรคไข้หวัดใหญ่ตามฤดูกาล(7กลุ่มเสี่ยง),เป้าหมาย(รายหน่วย),150
เขต 7 ขอนแก่น,11084,ลูกข่าย,05390,สอ.บ้านเก่าเดื่อ,V11:ฉีดวัคซีนป้องกันโรคป้องกันโรคไข้หวัดใหญ่ตามฤดูกาล(7กลุ่มเสี่ยง),เป้าหมาย(ทั้งหมด),0
เขต 7 ขอนแก่น,11084,ลูกข่าย,05391,รพ.สต.บ้านโพน,V11:ฉีดวัคซีนป้องกันโรคป้องกันโรคไข้หวัดใหญ่ตามฤดูกาล(7กลุ่มเสี่ยง),ฉีด,1299
เขต 7 ขอนแก่น,11084,ลูกข่าย,05391,รพ.สต.บ้านโพน,V11:ฉีดวัคซีนป้องกันโรคป้องกันโรคไข้หวัดใหญ่ตามฤดูกาล(7กลุ่มเสี่ยง),เป้าหมาย(รายหน่วย),1500
เขต 7 ขอนแก่น,11084,ลูกข่าย,05391,รพ.สต.บ้านโพน,V11:ฉีดวัคซีนป้องกันโรคป้องกันโรคไข้หวัดใหญ่ตามฤดูกาล(7กลุ่มเสี่ยง),เป้าหมาย(ทั้งหมด),0
เขต 7 ขอนแก่น,11084,ลูกข่าย,05392,รพ.สต.บ้านดินจี่,V11:ฉีดวัคซีนป้องกันโรคป้องกันโรคไข้หวัดใหญ่ตามฤดูกาล(7กลุ่มเสี่ยง),ฉีด,227
เขต 7 ขอนแก่น,11084,ลูกข่าย,05392,รพ.สต.บ้านดินจี่,V11:ฉีดวัคซีนป้องกันโรคป้องกันโรคไข้หวัดใหญ่ตามฤดูกาล(7กลุ่มเสี่ยง),เป้าหมาย(รายหน่วย),600
เขต 7 ขอนแก่น,11084,ลูกข่าย,05392,รพ.สต.บ้านดินจี่,V11:ฉีดวัคซีนป้องกันโรคป้องกันโรคไข้หวัดใหญ่ตามฤดูกาล(7กลุ่มเสี่ยง),เป้าหมาย(ทั้งหมด),0
เขต 7 ขอนแก่น,11084,ลูกข่าย,05393,รพ.สต.บ้านนาบอน,V11:ฉีดวัคซีนป้องกันโรคป้องกันโรคไข้หวัดใหญ่ตามฤดูกาล(7กลุ่มเสี่ยง),ฉีด,65
เขต 7 ขอนแก่น,11084,ลูกข่าย,05393,รพ.สต.บ้านนาบอน,V11:ฉีดวัคซีนป้องกันโรคป้องกันโรคไข้หวัดใหญ่ตามฤดูกาล(7กลุ่มเสี่ยง),เป้าหมาย(รายหน่วย),700
เขต 7 ขอนแก่น,11084,ลูกข่าย,05393,รพ.สต.บ้านนาบอน,V11:ฉีดวัคซีนป้องกันโรคป้องกันโรคไข้หวัดใหญ่ตามฤดูกาล(7กลุ่มเสี่ยง),เป้าหมาย(ทั้งหมด),0
เขต 7 ขอนแก่น,11084,ลูกข่าย,05394,รพ.สต.บ้านนาตาล,V11:ฉีดวัคซีนป้องกันโรคป้องกันโรคไข้หวัดใหญ่ตามฤดูกาล(7กลุ่มเสี่ยง),ฉีด,993
เขต 7 ขอนแก่น,11084,ลูกข่าย,05394,รพ.สต.บ้านนาตาล,V11:ฉีดวัคซีนป้องกันโรคป้องกันโรคไข้หวัดใหญ่ตามฤดูกาล(7กลุ่มเสี่ยง),เป้าหมาย(รายหน่วย),1000
เขต 7 ขอนแก่น,11084,ลูกข่าย,05394,รพ.สต.บ้านนาตาล,V11:ฉีดวัคซีนป้องกันโรคป้องกันโรคไข้หวัดใหญ่ตามฤดูกาล(7กลุ่มเสี่ยง),เป้าหมาย(ทั้งหมด),0
เขต 7 ขอนแก่น,11084,ลูกข่าย,05395,รพ.สต.บ้านดงสวนพัฒนา,V11:ฉีดวัคซีนป้องกันโรคป้องกันโรคไข้หวัดใหญ่ตามฤดูกาล(7กลุ่มเสี่ยง),ฉีด,0
เขต 7 ขอนแก่น,11084,ลูกข่าย,05395,รพ.สต.บ้านดงสวนพัฒนา,V11:ฉีดวัคซีนป้องกันโรคป้องกันโรคไข้หวัดใหญ่ตามฤดูกาล(7กลุ่มเสี่ยง),เป้าหมาย(รายหน่วย),250
เขต 7 ขอนแก่น,11084,ลูกข่าย,05395,รพ.สต.บ้านดงสวนพัฒนา,V11:ฉีดวัคซีนป้องกันโรคป้องกันโรคไข้หวัดใหญ่ตามฤดูกาล(7กลุ่มเสี่ยง),เป้าหมาย(ทั้งหมด),0
เขต 7 ขอนแก่น,11084,ลูกข่าย,05396,รพ.สต.บ้านสูงเนิน,V11:ฉีดวัคซีนป้องกันโรคป้องกันโรคไข้หวัดใหญ่ตามฤดูกาล(7กลุ่มเสี่ยง),ฉีด,76
เขต 7 ขอนแก่น,11084,ลูกข่าย,05396,รพ.สต.บ้านสูงเนิน,V11:ฉีดวัคซีนป้องกันโรคป้องกันโรคไข้หวัดใหญ่ตามฤดูกาล(7กลุ่มเสี่ยง),เป้าหมาย(รายหน่วย),500
เขต 7 ขอนแก่น,11084,ลูกข่าย,05396,รพ.สต.บ้านสูงเนิน,V11:ฉีดวัคซีนป้องกันโรคป้องกันโรคไข้หวัดใหญ่ตามฤดูกาล(7กลุ่มเสี่ยง),เป้าหมาย(ทั้งหมด),0
เขต 7 ขอนแก่น,11085,แม่ข่าย,11085,รพ.ท่าคันโท,V11:ฉีดวัคซีนป้องกันโรคป้องกันโรคไข้หวัดใหญ่ตามฤดูกาล(7กลุ่มเสี่ยง),ฉีด,366
เขต 7 ขอนแก่น,11085,แม่ข่าย,11085,รพ.ท่าคันโท,V11:ฉีดวัคซีนป้องกันโรคป้องกันโรคไข้หวัดใหญ่ตามฤดูกาล(7กลุ่มเสี่ยง),เป้าหมาย(รายหน่วย),500
เขต 7 ขอนแก่น,11085,แม่ข่าย,11085,รพ.ท่าคันโท,V11:ฉีดวัคซีนป้องกันโรคป้องกันโรคไข้หวัดใหญ่ตามฤดูกาล(7กลุ่มเสี่ยง),เป้าหมาย(ทั้งหมด),2500
เขต 7 ขอนแก่น,11085,ลูกข่าย,05397,รพ.สต.บ้านกุงเก่า,V11:ฉีดวัคซีนป้องกันโรคป้องกันโรคไข้หวัดใหญ่ตามฤดูกาล(7กลุ่มเสี่ยง),ฉีด,378
เขต 7 ขอนแก่น,11085,ลูกข่าย,05397,รพ.สต.บ้านกุงเก่า,V11:ฉีดวัคซีนป้องกันโรคป้องกันโรคไข้หวัดใหญ่ตามฤดูกาล(7กลุ่มเสี่ยง),เป้าหมาย(รายหน่วย),410
เขต 7 ขอนแก่น,11085,ลูกข่าย,05397,รพ.สต.บ้านกุงเก่า,V11:ฉีดวัคซีนป้องกันโรคป้องกันโรคไข้หวัดใหญ่ตามฤดูกาล(7กลุ่มเสี่ยง),เป้าหมาย(ทั้งหมด),0
เขต 7 ขอนแก่น,11085,ลูกข่าย,05398,รพ.สต.บ้านยางอุ้ม,V11:ฉีดวัคซีนป้องกันโรคป้องกันโรคไข้หวัดใหญ่ตามฤดูกาล(7กลุ่มเสี่ยง),ฉีด,171
เขต 7 ขอนแก่น,11085,ลูกข่าย,05398,รพ.สต.บ้านยางอุ้ม,V11:ฉีดวัคซีนป้องกันโรคป้องกันโรคไข้หวัดใหญ่ตามฤดูกาล(7กลุ่มเสี่ยง),เป้าหมาย(รายหน่วย),200
เขต 7 ขอนแก่น,11085,ลูกข่าย,05398,รพ.สต.บ้านยางอุ้ม,V11:ฉีดวัคซีนป้องกันโรคป้องกันโรคไข้หวัดใหญ่ตามฤดูกาล(7กลุ่มเสี่ยง),เป้าหมาย(ทั้งหมด),0
เขต 7 ขอนแก่น,11085,ลูกข่าย,05399,รพ.สต.บ้านกุดจิก,V11:ฉีดวัคซีนป้องกันโรคป้องกันโรคไข้หวัดใหญ่ตามฤดูกาล(7กลุ่มเสี่ยง),ฉีด,207
เขต 7 ขอนแก่น,11085,ลูกข่าย,05399,รพ.สต.บ้านกุดจิก,V11:ฉีดวัคซีนป้องกันโรคป้องกันโรคไข้หวัดใหญ่ตามฤดูกาล(7กลุ่มเสี่ยง),เป้าหมาย(รายหน่วย),300
เขต 7 ขอนแก่น,11085,ลูกข่าย,05399,รพ.สต.บ้านกุดจิก,V11:ฉีดวัคซีนป้องกันโรคป้องกันโรคไข้หวัดใหญ่ตามฤดูกาล(7กลุ่มเสี่ยง),เป้าหมาย(ทั้งหมด),0
เขต 7 ขอนแก่น,11085,ลูกข่าย,05400,รพ.สต.บ้านแสนสุข,V11:ฉีดวัคซีนป้องกันโรคป้องกันโรคไข้หวัดใหญ่ตามฤดูกาล(7กลุ่มเสี่ยง),ฉีด,101
เขต 7 ขอนแก่น,11085,ลูกข่าย,05400,รพ.สต.บ้านแสนสุข,V11:ฉีดวัคซีนป้องกันโรคป้องกันโรคไข้หวัดใหญ่ตามฤดูกาล(7กลุ่มเสี่ยง),เป้าหมาย(รายหน่วย),50
เขต 7 ขอนแก่น,11085,ลูกข่าย,05400,รพ.สต.บ้านแสนสุข,V11:ฉีดวัคซีนป้องกันโรคป้องกันโรคไข้หวัดใหญ่ตามฤดูกาล(7กลุ่มเสี่ยง),เป้าหมาย(ทั้งหมด),0
เขต 7 ขอนแก่น,11085,ลูกข่าย,05401,รพ.สต.บ้านหนองแซง,V11:ฉีดวัคซีนป้องกันโรคป้องกันโรคไข้หวัดใหญ่ตามฤดูกาล(7กลุ่มเสี่ยง),ฉีด,371
เขต 7 ขอนแก่น,11085,ลูกข่าย,05401,รพ.สต.บ้านหนองแซง,V11:ฉีดวัคซีนป้องกันโรคป้องกันโรคไข้หวัดใหญ่ตามฤดูกาล(7กลุ่มเสี่ยง),เป้าหมาย(รายหน่วย),500
เขต 7 ขอนแก่น,11085,ลูกข่าย,05401,รพ.สต.บ้านหนองแซง,V11:ฉีดวัคซีนป้องกันโรคป้องกันโรคไข้หวัดใหญ่ตามฤดูกาล(7กลุ่มเสี่ยง),เป้าหมาย(ทั้งหมด),0
เขต 7 ขอนแก่น,11085,ลูกข่าย,05402,รพ.สต.บ้านดงกลาง,V11:ฉีดวัคซีนป้องกันโรคป้องกันโรคไข้หวัดใหญ่ตามฤดูกาล(7กลุ่มเสี่ยง),ฉีด,256
เขต 7 ขอนแก่น,11085,ลูกข่าย,05402,รพ.สต.บ้านดงกลาง,V11:ฉีดวัคซีนป้องกันโรคป้องกันโรคไข้หวัดใหญ่ตามฤดูกาล(7กลุ่มเสี่ยง),เป้าหมาย(รายหน่วย),300
เขต 7 ขอนแก่น,11085,ลูกข่าย,05402,รพ.สต.บ้านดงกลาง,V11:ฉีดวัคซีนป้องกันโรคป้องกันโรคไข้หวัดใหญ่ตามฤดูกาล(7กลุ่มเสี่ยง),เป้าหมาย(ทั้งหมด),0
เขต 7 ขอนแก่น,11085,ลูกข่าย,05403,รพ.สต.บ้านดงสมบูรณ์,V11:ฉีดวัคซีนป้องกันโรคป้องกันโรคไข้หวัดใหญ่ตามฤดูกาล(7กลุ่มเสี่ยง),ฉีด,200
เขต 7 ขอนแก่น,11085,ลูกข่าย,05403,รพ.สต.บ้านดงสมบูรณ์,V11:ฉีดวัคซีนป้องกันโรคป้องกันโรคไข้หวัดใหญ่ตามฤดูกาล(7กลุ่มเสี่ยง),เป้าหมาย(รายหน่วย),200
เขต 7 ขอนแก่น,11085,ลูกข่าย,05403,รพ.สต.บ้านดงสมบูรณ์,V11:ฉีดวัคซีนป้องกันโรคป้องกันโรคไข้หวัดใหญ่ตามฤดูกาล(7กลุ่มเสี่ยง),เป้าหมาย(ทั้งหมด),0
เขต 7 ขอนแก่น,11086,แม่ข่าย,11086,รพ.หนองกุงศรี,V11:ฉีดวัคซีนป้องกันโรคป้องกันโรคไข้หวัดใหญ่ตามฤดูกาล(7กลุ่มเสี่ยง),ฉีด,272
เขต 7 ขอนแก่น,11086,แม่ข่าย,11086,รพ.หนองกุงศรี,V11:ฉีดวัคซีนป้องกันโรคป้องกันโรคไข้หวัดใหญ่ตามฤดูกาล(7กลุ่มเสี่ยง),เป้าหมาย(รายหน่วย),283
เขต 7 ขอนแก่น,11086,แม่ข่าย,11086,รพ.หนองกุงศรี,V11:ฉีดวัคซีนป้องกันโรคป้องกันโรคไข้หวัดใหญ่ตามฤดูกาล(7กลุ่มเสี่ยง),เป้าหมาย(ทั้งหมด),2400
เขต 7 ขอนแก่น,11086,ลูกข่าย,05404,รพ.สต.บ้านคำไฮ,V11:ฉีดวัคซีนป้องกันโรคป้องกันโรคไข้หวัดใหญ่ตามฤดูกาล(7กลุ่มเสี่ยง),ฉีด,78
เขต 7 ขอนแก่น,11086,ลูกข่าย,05404,รพ.สต.บ้านคำไฮ,V11:ฉีดวัคซีนป้องกันโรคป้องกันโรคไข้หวัดใหญ่ตามฤดูกาล(7กลุ่มเสี่ยง),เป้าหมาย(รายหน่วย),79
เขต 7 ขอนแก่น,11086,ลูกข่าย,05404,รพ.สต.บ้านคำไฮ,V11:ฉีดวัคซีนป้องกันโรคป้องกันโรคไข้หวัดใหญ่ตามฤดูกาล(7กลุ่มเสี่ยง),เป้าหมาย(ทั้งหมด),0
เขต 7 ขอนแก่น,11086,ลูกข่าย,05405,รพ.สต.บ้านหนองบัว,V11:ฉีดวัคซีนป้องกันโรคป้องกันโรคไข้หวัดใหญ่ตามฤดูกาล(7กลุ่มเสี่ยง),ฉีด,247
เขต 7 ขอนแก่น,11086,ลูกข่าย,05405,รพ.สต.บ้านหนองบัว,V11:ฉีดวัคซีนป้องกันโรคป้องกันโรคไข้หวัดใหญ่ตามฤดูกาล(7กลุ่มเสี่ยง),เป้าหมาย(รายหน่วย),277
เขต 7 ขอนแก่น,11086,ลูกข่าย,05405,รพ.สต.บ้านหนองบัว,V11:ฉีดวัคซีนป้องกันโรคป้องกันโรคไข้หวัดใหญ่ตามฤดูกาล(7กลุ่มเสี่ยง),เป้าหมาย(ทั้งหมด),0
เขต 7 ขอนแก่น,11086,ลูกข่าย,05406,รพ.สต.บ้านห้วยยางดง,V11:ฉีดวัคซีนป้องกันโรคป้องกันโรคไข้หวัดใหญ่ตามฤดูกาล(7กลุ่มเสี่ยง),ฉีด,265
เขต 7 ขอนแก่น,11086,ลูกข่าย,05406,รพ.สต.บ้านห้วยยางดง,V11:ฉีดวัคซีนป้องกันโรคป้องกันโรคไข้หวัดใหญ่ตามฤดูกาล(7กลุ่มเสี่ยง),เป้าหมาย(รายหน่วย),345
เขต 7 ขอนแก่น,11086,ลูกข่าย,05406,รพ.สต.บ้านห้วยยางดง,V11:ฉีดวัคซีนป้องกันโรคป้องกันโรคไข้หวัดใหญ่ตามฤดูกาล(7กลุ่มเสี่ยง),เป้าหมาย(ทั้งหมด),0
เขต 7 ขอนแก่น,11086,ลูกข่าย,05407,รพ.สต.บ้านหนองสรวง,V11:ฉีดวัคซีนป้องกันโรคป้องกันโรคไข้หวัดใหญ่ตามฤดูกาล(7กลุ่มเสี่ยง),ฉีด,237
เขต 7 ขอนแก่น,11086,ลูกข่าย,05407,รพ.สต.บ้านหนองสรวง,V11:ฉีดวัคซีนป้องกันโรคป้องกันโรคไข้หวัดใหญ่ตามฤดูกาล(7กลุ่มเสี่ยง),เป้าหมาย(รายหน่วย),237
เขต 7 ขอนแก่น,11086,ลูกข่าย,05407,รพ.สต.บ้านหนองสรวง,V11:ฉีดวัคซีนป้องกันโรคป้องกันโรคไข้หวัดใหญ่ตามฤดูกาล(7กลุ่มเสี่ยง),เป้าหมาย(ทั้งหมด),0
เขต 7 ขอนแก่น,11086,ลูกข่าย,05408,รพ.สต.บ้านหนองไผ่,V11:ฉีดวัคซีนป้องกันโรคป้องกันโรคไข้หวัดใหญ่ตามฤดูกาล(7กลุ่มเสี่ยง),ฉีด,155
เขต 7 ขอนแก่น,11086,ลูกข่าย,05408,รพ.สต.บ้านหนองไผ่,V11:ฉีดวัคซีนป้องกันโรคป้องกันโรคไข้หวัดใหญ่ตามฤดูกาล(7กลุ่มเสี่ยง),เป้าหมาย(รายหน่วย),155
เขต 7 ขอนแก่น,11086,ลูกข่าย,05408,รพ.สต.บ้านหนองไผ่,V11:ฉีดวัคซีนป้องกันโรคป้องกันโรคไข้หวัดใหญ่ตามฤดูกาล(7กลุ่มเสี่ยง),เป้าหมาย(ทั้งหมด),0
เขต 7 ขอนแก่น,11086,ลูกข่าย,05409,รพ.สต.บ้านหนองชุมแสง,V11:ฉีดวัคซีนป้องกันโรคป้องกันโรคไข้หวัดใหญ่ตามฤดูกาล(7กลุ่มเสี่ยง),ฉีด,215
เขต 7 ขอนแก่น,11086,ลูกข่าย,05409,รพ.สต.บ้านหนองชุมแสง,V11:ฉีดวัคซีนป้องกันโรคป้องกันโรคไข้หวัดใหญ่ตามฤดูกาล(7กลุ่มเสี่ยง),เป้าหมาย(รายหน่วย),270
เขต 7 ขอนแก่น,11086,ลูกข่าย,05409,รพ.สต.บ้านหนองชุมแสง,V11:ฉีดวัคซีนป้องกันโรคป้องกันโรคไข้หวัดใหญ่ตามฤดูกาล(7กลุ่มเสี่ยง),เป้าหมาย(ทั้งหมด),0
เขต 7 ขอนแก่น,11086,ลูกข่าย,05410,รพ.สต.บ้านภูฮัง,V11:ฉีดวัคซีนป้องกันโรคป้องกันโรคไข้หวัดใหญ่ตามฤดูกาล(7กลุ่มเสี่ยง),ฉีด,162
เขต 7 ขอนแก่น,11086,ลูกข่าย,05410,รพ.สต.บ้านภูฮัง,V11:ฉีดวัคซีนป้องกันโรคป้องกันโรคไข้หวัดใหญ่ตามฤดูกาล(7กลุ่มเสี่ยง),เป้าหมาย(รายหน่วย),159
เขต 7 ขอนแก่น,11086,ลูกข่าย,05410,รพ.สต.บ้านภูฮัง,V11:ฉีดวัคซีนป้องกันโรคป้องกันโรคไข้หวัดใหญ่ตามฤดูกาล(7กลุ่มเสี่ยง),เป้าหมาย(ทั้งหมด),0
เขต 7 ขอนแก่น,11086,ลูกข่าย,05411,รพ.สต.บ้านหนองกุงเผือก,V11:ฉีดวัคซีนป้องกันโรคป้องกันโรคไข้หวัดใหญ่ตามฤดูกาล(7กลุ่มเสี่ยง),ฉีด,298
เขต 7 ขอนแก่น,11086,ลูกข่าย,05411,รพ.สต.บ้านหนองกุงเผือก,V11:ฉีดวัคซีนป้องกันโรคป้องกันโรคไข้หวัดใหญ่ตามฤดูกาล(7กลุ่มเสี่ยง),เป้าหมาย(รายหน่วย),290
เขต 7 ขอนแก่น,11086,ลูกข่าย,05411,รพ.สต.บ้านหนองกุงเผือก,V11:ฉีดวัคซีนป้องกันโรคป้องกันโรคไข้หวัดใหญ่ตามฤดูกาล(7กลุ่มเสี่ยง),เป้าหมาย(ทั้งหมด),0
เขต 7 ขอนแก่น,11086,ลูกข่าย,05412,รพ.สต.บ้านหนองหิน,V11:ฉีดวัคซีนป้องกันโรคป้องกันโรคไข้หวัดใหญ่ตามฤดูกาล(7กลุ่มเสี่ยง),ฉีด,268
เขต 7 ขอนแก่น,11086,ลูกข่าย,05412,รพ.สต.บ้านหนองหิน,V11:ฉีดวัคซีนป้องกันโรคป้องกันโรคไข้หวัดใหญ่ตามฤดูกาล(7กลุ่มเสี่ยง),เป้าหมาย(รายหน่วย),305
เขต 7 ขอนแก่น,11086,ลูกข่าย,05412,รพ.สต.บ้านหนองหิน,V11:ฉีดวัคซีนป้องกันโรคป้องกันโรคไข้หวัดใหญ่ตามฤดูกาล(7กลุ่มเสี่ยง),เป้าหมาย(ทั้งหมด),0
เขต 7 ขอนแก่น,11087,แม่ข่าย,11087,รพ.สมเด็จ,V11:ฉีดวัคซีนป้องกันโรคป้องกันโรคไข้หวัดใหญ่ตามฤดูกาล(7กลุ่มเสี่ยง),ฉีด,503
เขต 7 ขอนแก่น,11087,แม่ข่าย,11087,รพ.สมเด็จ,V11:ฉีดวัคซีนป้องกันโรคป้องกันโรคไข้หวัดใหญ่ตามฤดูกาล(7กลุ่มเสี่ยง),เป้าหมาย(รายหน่วย),500
เขต 7 ขอนแก่น,11087,แม่ข่าย,11087,รพ.สมเด็จ,V11:ฉีดวัคซีนป้องกันโรคป้องกันโรคไข้หวัดใหญ่ตามฤดูกาล(7กลุ่มเสี่ยง),เป้าหมาย(ทั้งหมด),5970
เขต 7 ขอนแก่น,11087,ลูกข่าย,05413,รพ.สต.บ้านหนองบัวโดน,V11:ฉีดวัคซีนป้องกันโรคป้องกันโรคไข้หวัดใหญ่ตามฤดูกาล(7กลุ่มเสี่ยง),ฉีด,491
เขต 7 ขอนแก่น,11087,ลูกข่าย,05413,รพ.สต.บ้านหนองบัวโดน,V11:ฉีดวัคซีนป้องกันโรคป้องกันโรคไข้หวัดใหญ่ตามฤดูกาล(7กลุ่มเสี่ยง),เป้าหมาย(รายหน่วย),500
เขต 7 ขอนแก่น,11087,ลูกข่าย,05413,รพ.สต.บ้านหนองบัวโดน,V11:ฉีดวัคซีนป้องกันโรคป้องกันโรคไข้หวัดใหญ่ตามฤดูกาล(7กลุ่มเสี่ยง),เป้าหมาย(ทั้งหมด),0
เขต 7 ขอนแก่น,11087,ลูกข่าย,05414,รพ.สต.บ้านสร้างแก้ว,V11:ฉีดวัคซีนป้องกันโรคป้องกันโรคไข้หวัดใหญ่ตามฤดูกาล(7กลุ่มเสี่ยง),ฉีด,810
เขต 7 ขอนแก่น,11087,ลูกข่าย,05414,รพ.สต.บ้านสร้างแก้ว,V11:ฉีดวัคซีนป้องกันโรคป้องกันโรคไข้หวัดใหญ่ตามฤดูกาล(7กลุ่มเสี่ยง),เป้าหมาย(รายหน่วย),1000
เขต 7 ขอนแก่น,11087,ลูกข่าย,05414,รพ.สต.บ้านสร้างแก้ว,V11:ฉีดวัคซีนป้องกันโรคป้องกันโรคไข้หวัดใหญ่ตามฤดูกาล(7กลุ่มเสี่ยง),เป้าหมาย(ทั้งหมด),0
เขต 7 ขอนแก่น,11087,ลูกข่าย,05415,รพ.สต.แซงบาดาล,V11:ฉีดวัคซีนป้องกันโรคป้องกันโรคไข้หวัดใหญ่ตามฤดูกาล(7กลุ่มเสี่ยง),ฉีด,0
เขต 7 ขอนแก่น,11087,ลูกข่าย,05415,รพ.สต.แซงบาดาล,V11:ฉีดวัคซีนป้องกันโรคป้องกันโรคไข้หวัดใหญ่ตามฤดูกาล(7กลุ่มเสี่ยง),เป้าหมาย(รายหน่วย),1000
เขต 7 ขอนแก่น,11087,ลูกข่าย,05415,รพ.สต.แซงบาดาล,V11:ฉีดวัคซีนป้องกันโรคป้องกันโรคไข้หวัดใหญ่ตามฤดูกาล(7กลุ่มเสี่ยง),เป้าหมาย(ทั้งหมด),0
เขต 7 ขอนแก่น,11087,ลูกข่าย,05416,รพ.สต.บ้านมหไชย (บ้านมหาไชย),V11:ฉีดวัคซีนป้องกันโรคป้องกันโรคไข้หวัดใหญ่ตามฤดูกาล(7กลุ่มเสี่ยง),ฉีด,1
เขต 7 ขอนแก่น,11087,ลูกข่าย,05416,รพ.สต.บ้านมหไชย (บ้านมหาไชย),V11:ฉีดวัคซีนป้องกันโรคป้องกันโรคไข้หวัดใหญ่ตามฤดูกาล(7กลุ่มเสี่ยง),เป้าหมาย(รายหน่วย),550
เขต 7 ขอนแก่น,11087,ลูกข่าย,05416,รพ.สต.บ้านมหไชย (บ้านมหาไชย),V11:ฉีดวัคซีนป้องกันโรคป้องกันโรคไข้หวัดใหญ่ตามฤดูกาล(7กลุ่มเสี่ยง),เป้าหมาย(ทั้งหมด),0
เขต 7 ขอนแก่น,11087,ลูกข่าย,05417,รพ.สต.บ้านหมูม่น,V11:ฉีดวัคซีนป้องกันโรคป้องกันโรคไข้หวัดใหญ่ตามฤดูกาล(7กลุ่มเสี่ยง),ฉีด,0
เขต 7 ขอนแก่น,11087,ลูกข่าย,05417,รพ.สต.บ้านหมูม่น,V11:ฉีดวัคซีนป้องกันโรคป้องกันโรคไข้หวัดใหญ่ตามฤดูกาล(7กลุ่มเสี่ยง),เป้าหมาย(รายหน่วย),690
เขต 7 ขอนแก่น,11087,ลูกข่าย,05417,รพ.สต.บ้านหมูม่น,V11:ฉีดวัคซีนป้องกันโรคป้องกันโรคไข้หวัดใหญ่ตามฤดูกาล(7กลุ่มเสี่ยง),เป้าหมาย(ทั้งหมด),0
เขต 7 ขอนแก่น,11087,ลูกข่าย,05418,รพ.สต.บ้านกอก,V11:ฉีดวัคซีนป้องกันโรคป้องกันโรคไข้หวัดใหญ่ตามฤดูกาล(7กลุ่มเสี่ยง),ฉีด,166
เขต 7 ขอนแก่น,11087,ลูกข่าย,05418,รพ.สต.บ้านกอก,V11:ฉีดวัคซีนป้องกันโรคป้องกันโรคไข้หวัดใหญ่ตามฤดูกาล(7กลุ่มเสี่ยง),เป้าหมาย(รายหน่วย),455
เขต 7 ขอนแก่น,11087,ลูกข่าย,05418,รพ.สต.บ้านกอก,V11:ฉีดวัคซีนป้องกันโรคป้องกันโรคไข้หวัดใหญ่ตามฤดูกาล(7กลุ่มเสี่ยง),เป้าหมาย(ทั้งหมด),0
เขต 7 ขอนแก่น,11087,ลูกข่าย,05419,รพ.สต.บ้านขมิ้น,V11:ฉีดวัคซีนป้องกันโรคป้องกันโรคไข้หวัดใหญ่ตามฤดูกาล(7กลุ่มเสี่ยง),ฉีด,373
เขต 7 ขอนแก่น,11087,ลูกข่าย,05419,รพ.สต.บ้านขมิ้น,V11:ฉีดวัคซีนป้องกันโรคป้องกันโรคไข้หวัดใหญ่ตามฤดูกาล(7กลุ่มเสี่ยง),เป้าหมาย(รายหน่วย),400
เขต 7 ขอนแก่น,11087,ลูกข่าย,05419,รพ.สต.บ้านขมิ้น,V11:ฉีดวัคซีนป้องกันโรคป้องกันโรคไข้หวัดใหญ่ตามฤดูกาล(7กลุ่มเสี่ยง),เป้าหมาย(ทั้งหมด),0
เขต 7 ขอนแก่น,11087,ลูกข่าย,05420,รพ.สต.บ้านหนองแสง,V11:ฉีดวัคซีนป้องกันโรคป้องกันโรคไข้หวัดใหญ่ตามฤดูกาล(7กลุ่มเสี่ยง),ฉีด,0
เขต 7 ขอนแก่น,11087,ลูกข่าย,05420,รพ.สต.บ้านหนองแสง,V11:ฉีดวัคซีนป้องกันโรคป้องกันโรคไข้หวัดใหญ่ตามฤดูกาล(7กลุ่มเสี่ยง),เป้าหมาย(รายหน่วย),475
เขต 7 ขอนแก่น,11087,ลูกข่าย,05420,รพ.สต.บ้านหนองแสง,V11:ฉีดวัคซีนป้องกันโรคป้องกันโรคไข้หวัดใหญ่ตามฤดูกาล(7กลุ่มเสี่ยง),เป้าหมาย(ทั้งหมด),0
เขต 7 ขอนแก่น,11087,ลูกข่าย,05421,รพ.สต.บ้านบอน,V11:ฉีดวัคซีนป้องกันโรคป้องกันโรคไข้หวัดใหญ่ตามฤดูกาล(7กลุ่มเสี่ยง),ฉีด,377
เขต 7 ขอนแก่น,11087,ลูกข่าย,05421,รพ.สต.บ้านบอน,V11:ฉีดวัคซีนป้องกันโรคป้องกันโรคไข้หวัดใหญ่ตามฤดูกาล(7กลุ่มเสี่ยง),เป้าหมาย(รายหน่วย),400
เขต 7 ขอนแก่น,11087,ลูกข่าย,05421,รพ.สต.บ้านบอน,V11:ฉีดวัคซีนป้องกันโรคป้องกันโรคไข้หวัดใหญ่ตามฤดูกาล(7กลุ่มเสี่ยง),เป้าหมาย(ทั้งหมด),0
เขต 7 ขอนแก่น,11088,แม่ข่าย,11088,รพ.ห้วยผึ้ง,V11:ฉีดวัคซีนป้องกันโรคป้องกันโรคไข้หวัดใหญ่ตามฤดูกาล(7กลุ่มเสี่ยง),ฉีด,965
เขต 7 ขอนแก่น,11088,แม่ข่าย,11088,รพ.ห้วยผึ้ง,V11:ฉีดวัคซีนป้องกันโรคป้องกันโรคไข้หวัดใหญ่ตามฤดูกาล(7กลุ่มเสี่ยง),เป้าหมาย(รายหน่วย),1000
เขต 7 ขอนแก่น,11088,แม่ข่าย,11088,รพ.ห้วยผึ้ง,V11:ฉีดวัคซีนป้องกันโรคป้องกันโรคไข้หวัดใหญ่ตามฤดูกาล(7กลุ่มเสี่ยง),เป้าหมาย(ทั้งหมด),4300
เขต 7 ขอนแก่น,11088,ลูกข่าย,05422,รพ.สต.บ้านคำบง,V11:ฉีดวัคซีนป้องกันโรคป้องกันโรคไข้หวัดใหญ่ตามฤดูกาล(7กลุ่มเสี่ยง),ฉีด,128
เขต 7 ขอนแก่น,11088,ลูกข่าย,05422,รพ.สต.บ้านคำบง,V11:ฉีดวัคซีนป้องกันโรคป้องกันโรคไข้หวัดใหญ่ตามฤดูกาล(7กลุ่มเสี่ยง),เป้าหมาย(รายหน่วย),750
เขต 7 ขอนแก่น,11088,ลูกข่าย,05422,รพ.สต.บ้านคำบง,V11:ฉีดวัคซีนป้องกันโรคป้องกันโรคไข้หวัดใหญ่ตามฤดูกาล(7กลุ่มเสี่ยง),เป้าหมาย(ทั้งหมด),0
เขต 7 ขอนแก่น,11088,ลูกข่าย,05423,รพ.สต.บ้านคงอุดม (บ้านดงอุดม),V11:ฉีดวัคซีนป้องกันโรคป้องกันโรคไข้หวัดใหญ่ตามฤดูกาล(7กลุ่มเสี่ยง),ฉีด,238
เขต 7 ขอนแก่น,11088,ลูกข่าย,05423,รพ.สต.บ้านคงอุดม (บ้านดงอุดม),V11:ฉีดวัคซีนป้องกันโรคป้องกันโรคไข้หวัดใหญ่ตามฤดูกาล(7กลุ่มเสี่ยง),เป้าหมาย(รายหน่วย),650
เขต 7 ขอนแก่น,11088,ลูกข่าย,05423,รพ.สต.บ้านคงอุดม (บ้านดงอุดม),V11:ฉีดวัคซีนป้องกันโรคป้องกันโรคไข้หวัดใหญ่ตามฤดูกาล(7กลุ่มเสี่ยง),เป้าหมาย(ทั้งหมด),0
เขต 7 ขอนแก่น,11088,ลูกข่าย,05424,รพ.สต.บ้านไค้นุ่น,V11:ฉีดวัคซีนป้องกันโรคป้องกันโรคไข้หวัดใหญ่ตามฤดูกาล(7กลุ่มเสี่ยง),ฉีด,363
เขต 7 ขอนแก่น,11088,ลูกข่าย,05424,รพ.สต.บ้านไค้นุ่น,V11:ฉีดวัคซีนป้องกันโรคป้องกันโรคไข้หวัดใหญ่ตามฤดูกาล(7กลุ่มเสี่ยง),เป้าหมาย(รายหน่วย),600
เขต 7 ขอนแก่น,11088,ลูกข่าย,05424,รพ.สต.บ้านไค้นุ่น,V11:ฉีดวัคซีนป้องกันโรคป้องกันโรคไข้หวัดใหญ่ตามฤดูกาล(7กลุ่มเสี่ยง),เป้าหมาย(ทั้งหมด),0
เขต 7 ขอนแก่น,11088,ลูกข่าย,05425,รพ.สต.บ้านหนองอีบุตร,V11:ฉีดวัคซีนป้องกันโรคป้องกันโรคไข้หวัดใหญ่ตามฤดูกาล(7กลุ่มเสี่ยง),ฉีด,605
เขต 7 ขอนแก่น,11088,ลูกข่าย,05425,รพ.สต.บ้านหนองอีบุตร,V11:ฉีดวัคซีนป้องกันโรคป้องกันโรคไข้หวัดใหญ่ตามฤดูกาล(7กลุ่มเสี่ยง),เป้าหมาย(รายหน่วย),750
เขต 7 ขอนแก่น,11088,ลูกข่าย,05425,รพ.สต.บ้านหนองอีบุตร,V11:ฉีดวัคซีนป้องกันโรคป้องกันโรคไข้หวัดใหญ่ตามฤดูกาล(7กลุ่มเสี่ยง),เป้าหมาย(ทั้งหมด),0
เขต 7 ขอนแก่น,11088,ลูกข่าย,13966,รพ.สต.บ้านเหล่าสีแก้ว,V11:ฉีดวัคซีนป้องกันโรคป้องกันโรคไข้หวัดใหญ่ตามฤดูกาล(7กลุ่มเสี่ยง),ฉีด,339
เขต 7 ขอนแก่น,11088,ลูกข่าย,13966,รพ.สต.บ้านเหล่าสีแก้ว,V11:ฉีดวัคซีนป้องกันโรคป้องกันโรคไข้หวัดใหญ่ตามฤดูกาล(7กลุ่มเสี่ยง),เป้าหมาย(รายหน่วย),550
เขต 7 ขอนแก่น,11088,ลูกข่าย,13966,รพ.สต.บ้านเหล่าสีแก้ว,V11:ฉีดวัคซีนป้องกันโรคป้องกันโรคไข้หวัดใหญ่ตามฤดูกาล(7กลุ่มเสี่ยง),เป้าหมาย(ทั้งหมด),0
เขต 7 ขอนแก่น,11449,แม่ข่าย,11449,รพร.กุฉินารายณ์,V11:ฉีดวัคซีนป้องกันโรคป้องกันโรคไข้หวัดใหญ่ตามฤดูกาล(7กลุ่มเสี่ยง),ฉีด,487
เขต 7 ขอนแก่น,11449,แม่ข่าย,11449,รพร.กุฉินารายณ์,V11:ฉีดวัคซีนป้องกันโรคป้องกันโรคไข้หวัดใหญ่ตามฤดูกาล(7กลุ่มเสี่ยง),เป้าหมาย(รายหน่วย),2680
เขต 7 ขอนแก่น,11449,แม่ข่าย,11449,รพร.กุฉินารายณ์,V11:ฉีดวัคซีนป้องกันโรคป้องกันโรคไข้หวัดใหญ่ตามฤดูกาล(7กลุ่มเสี่ยง),เป้าหมาย(ทั้งหมด),10000
เขต 7 ขอนแก่น,11449,ลูกข่าย,05335,รพ.สต.บ้านแจนแลน,V11:ฉีดวัคซีนป้องกันโรคป้องกันโรคไข้หวัดใหญ่ตามฤดูกาล(7กลุ่มเสี่ยง),ฉีด,527
เขต 7 ขอนแก่น,11449,ลูกข่าย,05335,รพ.สต.บ้านแจนแลน,V11:ฉีดวัคซีนป้องกันโรคป้องกันโรคไข้หวัดใหญ่ตามฤดูกาล(7กลุ่มเสี่ยง),เป้าหมาย(รายหน่วย),550
เขต 7 ขอนแก่น,11449,ลูกข่าย,05335,รพ.สต.บ้านแจนแลน,V11:ฉีดวัคซีนป้องกันโรคป้องกันโรคไข้หวัดใหญ่ตามฤดูกาล(7กลุ่มเสี่ยง),เป้าหมาย(ทั้งหมด),0
เขต 7 ขอนแก่น,11449,ลูกข่าย,05336,รพ.สต.บ้านกุดฝั่งแดง,V11:ฉีดวัคซีนป้องกันโรคป้องกันโรคไข้หวัดใหญ่ตามฤดูกาล(7กลุ่มเสี่ยง),ฉีด,200
เขต 7 ขอนแก่น,11449,ลูกข่าย,05336,รพ.สต.บ้านกุดฝั่งแดง,V11:ฉีดวัคซีนป้องกันโรคป้องกันโรคไข้หวัดใหญ่ตามฤดูกาล(7กลุ่มเสี่ยง),เป้าหมาย(รายหน่วย),200
เขต 7 ขอนแก่น,11449,ลูกข่าย,05336,รพ.สต.บ้านกุดฝั่งแดง,V11:ฉีดวัคซีนป้องกันโรคป้องกันโรคไข้หวัดใหญ่ตามฤดูกาล(7กลุ่มเสี่ยง),เป้าหมาย(ทั้งหมด),0
เขต 7 ขอนแก่น,11449,ลูกข่าย,05337,รพ.สต.บ้านเหล่าใหญ่,V11:ฉีดวัคซีนป้องกันโรคป้องกันโรคไข้หวัดใหญ่ตามฤดูกาล(7กลุ่มเสี่ยง),ฉีด,344
เขต 7 ขอนแก่น,11449,ลูกข่าย,05337,รพ.สต.บ้านเหล่าใหญ่,V11:ฉีดวัคซีนป้องกันโรคป้องกันโรคไข้หวัดใหญ่ตามฤดูกาล(7กลุ่มเสี่ยง),เป้าหมาย(รายหน่วย),493
เขต 7 ขอนแก่น,11449,ลูกข่าย,05337,รพ.สต.บ้านเหล่าใหญ่,V11:ฉีดวัคซีนป้องกันโรคป้องกันโรคไข้หวัดใหญ่ตามฤดูกาล(7กลุ่มเสี่ยง),เป้าหมาย(ทั้งหมด),0
เขต 7 ขอนแก่น,11449,ลูกข่าย,05338,รพ.สต.บ้านสันติสุข (บ้านจุมจัง),V11:ฉีดวัคซีนป้องกันโรคป้องกันโรคไข้หวัดใหญ่ตามฤดูกาล(7กลุ่มเสี่ยง),ฉีด,702
เขต 7 ขอนแก่น,11449,ลูกข่าย,05338,รพ.สต.บ้านสันติสุข (บ้านจุมจัง),V11:ฉีดวัคซีนป้องกันโรคป้องกันโรคไข้หวัดใหญ่ตามฤดูกาล(7กลุ่มเสี่ยง),เป้าหมาย(รายหน่วย),739
เขต 7 ขอนแก่น,11449,ลูกข่าย,05338,รพ.สต.บ้านสันติสุข (บ้านจุมจัง),V11:ฉีดวัคซีนป้องกันโรคป้องกันโรคไข้หวัดใหญ่ตามฤดูกาล(7กลุ่มเสี่ยง),เป้าหมาย(ทั้งหมด),0
เขต 7 ขอนแก่น,11449,ลูกข่าย,05339,รพ.สต.บ้านนาสีนวล,V11:ฉีดวัคซีนป้องกันโรคป้องกันโรคไข้หวัดใหญ่ตามฤดูกาล(7กลุ่มเสี่ยง),ฉีด,153
เขต 7 ขอนแก่น,11449,ลูกข่าย,05339,รพ.สต.บ้านนาสีนวล,V11:ฉีดวัคซีนป้องกันโรคป้องกันโรคไข้หวัดใหญ่ตามฤดูกาล(7กลุ่มเสี่ยง),เป้าหมาย(รายหน่วย),150
เขต 7 ขอนแก่น,11449,ลูกข่าย,05339,รพ.สต.บ้านนาสีนวล,V11:ฉีดวัคซีนป้องกันโรคป้องกันโรคไข้หวัดใหญ่ตามฤดูกาล(7กลุ่มเสี่ยง),เป้าหมาย(ทั้งหมด),0
เขต 7 ขอนแก่น,11449,ลูกข่าย,05340,รพ.สต.บ้านเหล่าไฮงาม,V11:ฉีดวัคซีนป้องกันโรคป้องกันโรคไข้หวัดใหญ่ตามฤดูกาล(7กลุ่มเสี่ยง),ฉีด,377
เขต 7 ขอนแก่น,11449,ลูกข่าย,05340,รพ.สต.บ้านเหล่าไฮงาม,V11:ฉีดวัคซีนป้องกันโรคป้องกันโรคไข้หวัดใหญ่ตามฤดูกาล(7กลุ่มเสี่ยง),เป้าหมาย(รายหน่วย),381
เขต 7 ขอนแก่น,11449,ลูกข่าย,05340,รพ.สต.บ้านเหล่าไฮงาม,V11:ฉีดวัคซีนป้องกันโรคป้องกันโรคไข้หวัดใหญ่ตามฤดูกาล(7กลุ่มเสี่ยง),เป้าหมาย(ทั้งหมด),0
เขต 7 ขอนแก่น,11449,ลูกข่าย,05341,รพ.สต.บ้านสวนผึ้ง,V11:ฉีดวัคซีนป้องกันโรคป้องกันโรคไข้หวัดใหญ่ตามฤดูกาล(7กลุ่มเสี่ยง),ฉีด,173
เขต 7 ขอนแก่น,11449,ลูกข่าย,05341,รพ.สต.บ้านสวนผึ้ง,V11:ฉีดวัคซีนป้องกันโรคป้องกันโรคไข้หวัดใหญ่ตามฤดูกาล(7กลุ่มเสี่ยง),เป้าหมาย(รายหน่วย),170
เขต 7 ขอนแก่น,11449,ลูกข่าย,05341,รพ.สต.บ้านสวนผึ้ง,V11:ฉีดวัคซีนป้องกันโรคป้องกันโรคไข้หวัดใหญ่ตามฤดูกาล(7กลุ่มเสี่ยง),เป้าหมาย(ทั้งหมด),0
เขต 7 ขอนแก่น,11449,ลูกข่าย,05342,รพ.สต.บ้านท่าไคร้ (บ้านนาไคร้),V11:ฉีดวัคซีนป้องกันโรคป้องกันโรคไข้หวัดใหญ่ตามฤดูกาล(7กลุ่มเสี่ยง),ฉีด,286
เขต 7 ขอนแก่น,11449,ลูกข่าย,05342,รพ.สต.บ้านท่าไคร้ (บ้านนาไคร้),V11:ฉีดวัคซีนป้องกันโรคป้องกันโรคไข้หวัดใหญ่ตามฤดูกาล(7กลุ่มเสี่ยง),เป้าหมาย(รายหน่วย),286
เขต 7 ขอนแก่น,11449,ลูกข่าย,05342,รพ.สต.บ้านท่าไคร้ (บ้านนาไคร้),V11:ฉีดวัคซีนป้องกันโรคป้องกันโรคไข้หวัดใหญ่ตามฤดูกาล(7กลุ่มเสี่ยง),เป้าหมาย(ทั้งหมด),0
เขต 7 ขอนแก่น,11449,ลูกข่าย,05343,รพ.สต.บ้านกุดหว้า,V11:ฉีดวัคซีนป้องกันโรคป้องกันโรคไข้หวัดใหญ่ตามฤดูกาล(7กลุ่มเสี่ยง),ฉีด,694
เขต 7 ขอนแก่น,11449,ลูกข่าย,05343,รพ.สต.บ้านกุดหว้า,V11:ฉีดวัคซีนป้องกันโรคป้องกันโรคไข้หวัดใหญ่ตามฤดูกาล(7กลุ่มเสี่ยง),เป้าหมาย(รายหน่วย),686
เขต 7 ขอนแก่น,11449,ลูกข่าย,05343,รพ.สต.บ้านกุดหว้า,V11:ฉีดวัคซีนป้องกันโรคป้องกันโรคไข้หวัดใหญ่ตามฤดูกาล(7กลุ่มเสี่ยง),เป้าหมาย(ทั้งหมด),0
เขต 7 ขอนแก่น,11449,ลูกข่าย,05344,รพ.สต.หนองแวงศรี (บ้านสุขแสงทอง),V11:ฉีดวัคซีนป้องกันโรคป้องกันโรคไข้หวัดใหญ่ตามฤดูกาล(7กลุ่มเสี่ยง),ฉีด,447
เขต 7 ขอนแก่น,11449,ลูกข่าย,05344,รพ.สต.หนองแวงศรี (บ้านสุขแสงทอง),V11:ฉีดวัคซีนป้องกันโรคป้องกันโรคไข้หวัดใหญ่ตามฤดูกาล(7กลุ่มเสี่ยง),เป้าหมาย(รายหน่วย),551
เขต 7 ขอนแก่น,11449,ลูกข่าย,05344,รพ.สต.หนองแวงศรี (บ้านสุขแสงทอง),V11:ฉีดวัคซีนป้องกันโรคป้องกันโรคไข้หวัดใหญ่ตามฤดูกาล(7กลุ่มเสี่ยง),เป้าหมาย(ทั้งหมด),0
เขต 7 ขอนแก่น,11449,ลูกข่าย,05345,รพ.สต.บ้านคุย,V11:ฉีดวัคซีนป้องกันโรคป้องกันโรคไข้หวัดใหญ่ตามฤดูกาล(7กลุ่มเสี่ยง),ฉีด,0
เขต 7 ขอนแก่น,11449,ลูกข่าย,05345,รพ.สต.บ้านคุย,V11:ฉีดวัคซีนป้องกันโรคป้องกันโรคไข้หวัดใหญ่ตามฤดูกาล(7กลุ่มเสี่ยง),เป้าหมาย(รายหน่วย),308
เขต 7 ขอนแก่น,11449,ลูกข่าย,05345,รพ.สต.บ้านคุย,V11:ฉีดวัคซีนป้องกันโรคป้องกันโรคไข้หวัดใหญ่ตามฤดูกาล(7กลุ่มเสี่ยง),เป้าหมาย(ทั้งหมด),0
เขต 7 ขอนแก่น,11449,ลูกข่าย,05346,รพ.สต.บ้านโนนฟองแก้ว,V11:ฉีดวัคซีนป้องกันโรคป้องกันโรคไข้หวัดใหญ่ตามฤดูกาล(7กลุ่มเสี่ยง),ฉีด,568
เขต 7 ขอนแก่น,11449,ลูกข่าย,05346,รพ.สต.บ้านโนนฟองแก้ว,V11:ฉีดวัคซีนป้องกันโรคป้องกันโรคไข้หวัดใหญ่ตามฤดูกาล(7กลุ่มเสี่ยง),เป้าหมาย(รายหน่วย),563
เขต 7 ขอนแก่น,11449,ลูกข่าย,05346,รพ.สต.บ้านโนนฟองแก้ว,V11:ฉีดวัคซีนป้องกันโรคป้องกันโรคไข้หวัดใหญ่ตามฤดูกาล(7กลุ่มเสี่ยง),เป้าหมาย(ทั้งหมด),0
เขต 7 ขอนแก่น,11449,ลูกข่าย,05347,รพ.สต.บ้านโนนสวาง,V11:ฉีดวัคซีนป้องกันโรคป้องกันโรคไข้หวัดใหญ่ตามฤดูกาล(7กลุ่มเสี่ยง),ฉีด,436
เขต 7 ขอนแก่น,11449,ลูกข่าย,05347,รพ.สต.บ้านโนนสวาง,V11:ฉีดวัคซีนป้องกันโรคป้องกันโรคไข้หวัดใหญ่ตามฤดูกาล(7กลุ่มเสี่ยง),เป้าหมาย(รายหน่วย),449
เขต 7 ขอนแก่น,11449,ลูกข่าย,05347,รพ.สต.บ้านโนนสวาง,V11:ฉีดวัคซีนป้องกันโรคป้องกันโรคไข้หวัดใหญ่ตามฤดูกาล(7กลุ่มเสี่ยง),เป้าหมาย(ทั้งหมด),0
เขต 7 ขอนแก่น,11449,ลูกข่าย,05348,รพ.สต.บ้านหนองห้าง,V11:ฉีดวัคซีนป้องกันโรคป้องกันโรคไข้หวัดใหญ่ตามฤดูกาล(7กลุ่มเสี่ยง),ฉีด,522
เขต 7 ขอนแก่น,11449,ลูกข่าย,05348,รพ.สต.บ้านหนองห้าง,V11:ฉีดวัคซีนป้องกันโรคป้องกันโรคไข้หวัดใหญ่ตามฤดูกาล(7กลุ่มเสี่ยง),เป้าหมาย(รายหน่วย),520
เขต 7 ขอนแก่น,11449,ลูกข่าย,05348,รพ.สต.บ้านหนองห้าง,V11:ฉีดวัคซีนป้องกันโรคป้องกันโรคไข้หวัดใหญ่ตามฤดูกาล(7กลุ่มเสี่ยง),เป้าหมาย(ทั้งหมด),0
เขต 7 ขอนแก่น,11449,ลูกข่าย,05349,รพ.สต.บ้านนาโก,V11:ฉีดวัคซีนป้องกันโรคป้องกันโรคไข้หวัดใหญ่ตามฤดูกาล(7กลุ่มเสี่ยง),ฉีด,504
เขต 7 ขอนแก่น,11449,ลูกข่าย,05349,รพ.สต.บ้านนาโก,V11:ฉีดวัคซีนป้องกันโรคป้องกันโรคไข้หวัดใหญ่ตามฤดูกาล(7กลุ่มเสี่ยง),เป้าหมาย(รายหน่วย),499
เขต 7 ขอนแก่น,11449,ลูกข่าย,05349,รพ.สต.บ้านนาโก,V11:ฉีดวัคซีนป้องกันโรคป้องกันโรคไข้หวัดใหญ่ตามฤดูกาล(7กลุ่มเสี่ยง),เป้าหมาย(ทั้งหมด),0
เขต 7 ขอนแก่น,11449,ลูกข่าย,05350,รพ.สต.บ้านหนองบัวทอง,V11:ฉีดวัคซีนป้องกันโรคป้องกันโรคไข้หวัดใหญ่ตามฤดูกาล(7กลุ่มเสี่ยง),ฉีด,394
เขต 7 ขอนแก่น,11449,ลูกข่าย,05350,รพ.สต.บ้านหนองบัวทอง,V11:ฉีดวัคซีนป้องกันโรคป้องกันโรคไข้หวัดใหญ่ตามฤดูกาล(7กลุ่มเสี่ยง),เป้าหมาย(รายหน่วย),397
เขต 7 ขอนแก่น,11449,ลูกข่าย,05350,รพ.สต.บ้านหนองบัวทอง,V11:ฉีดวัคซีนป้องกันโรคป้องกันโรคไข้หวัดใหญ่ตามฤดูกาล(7กลุ่มเสี่ยง),เป้าหมาย(ทั้งหมด),0
เขต 7 ขอนแก่น,11449,ลูกข่าย,05351,รพ.สต.บ้านกุดค้าว,V11:ฉีดวัคซีนป้องกันโรคป้องกันโรคไข้หวัดใหญ่ตามฤดูกาล(7กลุ่มเสี่ยง),ฉีด,379
เขต 7 ขอนแก่น,11449,ลูกข่าย,05351,รพ.สต.บ้านกุดค้าว,V11:ฉีดวัคซีนป้องกันโรคป้องกันโรคไข้หวัดใหญ่ตามฤดูกาล(7กลุ่มเสี่ยง),เป้าหมาย(รายหน่วย),378
เขต 7 ขอนแก่น,11449,ลูกข่าย,05351,รพ.สต.บ้านกุดค้าว,V11:ฉีดวัคซีนป้องกันโรคป้องกันโรคไข้หวัดใหญ่ตามฤดูกาล(7กลุ่มเสี่ยง),เป้าหมาย(ทั้งหมด),0
เขต 7 ขอนแก่น,28017,แม่ข่าย,28017,รพ.นาคู,V11:ฉีดวัคซีนป้องกันโรคป้องกันโรคไข้หวัดใหญ่ตามฤดูกาล(7กลุ่มเสี่ยง),ฉีด,716
เขต 7 ขอนแก่น,28017,แม่ข่าย,28017,รพ.นาคู,V11:ฉีดวัคซีนป้องกันโรคป้องกันโรคไข้หวัดใหญ่ตามฤดูกาล(7กลุ่มเสี่ยง),เป้าหมาย(รายหน่วย),709
เขต 7 ขอนแก่น,28017,แม่ข่าย,28017,รพ.นาคู,V11:ฉีดวัคซีนป้องกันโรคป้องกันโรคไข้หวัดใหญ่ตามฤดูกาล(7กลุ่มเสี่ยง),เป้าหมาย(ทั้งหมด),6200
เขต 7 ขอนแก่น,28017,ลูกข่าย,05431,รพ.สต.บ้านนาคู,V11:ฉีดวัคซีนป้องกันโรคป้องกันโรคไข้หวัดใหญ่ตามฤดูกาล(7กลุ่มเสี่ยง),ฉีด,543
เขต 7 ขอนแก่น,28017,ลูกข่าย,05431,รพ.สต.บ้านนาคู,V11:ฉีดวัคซีนป้องกันโรคป้องกันโรคไข้หวัดใหญ่ตามฤดูกาล(7กลุ่มเสี่ยง),เป้าหมาย(รายหน่วย),900
เขต 7 ขอนแก่น,28017,ลูกข่าย,05431,รพ.สต.บ้านนาคู,V11:ฉีดวัคซีนป้องกันโรคป้องกันโรคไข้หวัดใหญ่ตามฤดูกาล(7กลุ่มเสี่ยง),เป้าหมาย(ทั้งหมด),0
เขต 7 ขอนแก่น,28017,ลูกข่าย,05432,รพ.สต.บ้านจอมศรี,V11:ฉีดวัคซีนป้องกันโรคป้องกันโรคไข้หวัดใหญ่ตามฤดูกาล(7กลุ่มเสี่ยง),ฉีด,434
เขต 7 ขอนแก่น,28017,ลูกข่าย,05432,รพ.สต.บ้านจอมศรี,V11:ฉีดวัคซีนป้องกันโรคป้องกันโรคไข้หวัดใหญ่ตามฤดูกาล(7กลุ่มเสี่ยง),เป้าหมาย(รายหน่วย),709
เขต 7 ขอนแก่น,28017,ลูกข่าย,05432,รพ.สต.บ้านจอมศรี,V11:ฉีดวัคซีนป้องกันโรคป้องกันโรคไข้หวัดใหญ่ตามฤดูกาล(7กลุ่มเสี่ยง),เป้าหมาย(ทั้งหมด),0
เขต 7 ขอนแก่น,28017,ลูกข่าย,05433,รพ.สต.บ้านากระเดา,V11:ฉีดวัคซีนป้องกันโรคป้องกันโรคไข้หวัดใหญ่ตามฤดูกาล(7กลุ่มเสี่ยง),ฉีด,424
เขต 7 ขอนแก่น,28017,ลูกข่าย,05433,รพ.สต.บ้านากระเดา,V11:ฉีดวัคซีนป้องกันโรคป้องกันโรคไข้หวัดใหญ่ตามฤดูกาล(7กลุ่มเสี่ยง),เป้าหมาย(รายหน่วย),709
เขต 7 ขอนแก่น,28017,ลูกข่าย,05433,รพ.สต.บ้านากระเดา,V11:ฉีดวัคซีนป้องกันโรคป้องกันโรคไข้หวัดใหญ่ตามฤดูกาล(7กลุ่มเสี่ยง),เป้าหมาย(ทั้งหมด),0
เขต 7 ขอนแก่น,28017,ลูกข่าย,05434,รพ.สต.บ้านจาน (บ้านโนนนาจาน),V11:ฉีดวัคซีนป้องกันโรคป้องกันโรคไข้หวัดใหญ่ตามฤดูกาล(7กลุ่มเสี่ยง),ฉีด,428
เขต 7 ขอนแก่น,28017,ลูกข่าย,05434,รพ.สต.บ้านจาน (บ้านโนนนาจาน),V11:ฉีดวัคซีนป้องกันโรคป้องกันโรคไข้หวัดใหญ่ตามฤดูกาล(7กลุ่มเสี่ยง),เป้าหมาย(รายหน่วย),732
เขต 7 ขอนแก่น,28017,ลูกข่าย,05434,รพ.สต.บ้านจาน (บ้านโนนนาจาน),V11:ฉีดวัคซีนป้องกันโรคป้องกันโรคไข้หวัดใหญ่ตามฤดูกาล(7กลุ่มเสี่ยง),เป้าหมาย(ทั้งหมด),0
เขต 7 ขอนแก่น,28017,ลูกข่าย,05435,รพ.สต.บ้านนางาม,V11:ฉีดวัคซีนป้องกันโรคป้องกันโรคไข้หวัดใหญ่ตามฤดูกาล(7กลุ่มเสี่ยง),ฉีด,561
เขต 7 ขอนแก่น,28017,ลูกข่าย,05435,รพ.สต.บ้านนางาม,V11:ฉีดวัคซีนป้องกันโรคป้องกันโรคไข้หวัดใหญ่ตามฤดูกาล(7กลุ่มเสี่ยง),เป้าหมาย(รายหน่วย),709
เขต 7 ขอนแก่น,28017,ลูกข่าย,05435,รพ.สต.บ้านนางาม,V11:ฉีดวัคซีนป้องกันโรคป้องกันโรคไข้หวัดใหญ่ตามฤดูกาล(7กลุ่มเสี่ยง),เป้าหมาย(ทั้งหมด),0
เขต 7 ขอนแก่น,28017,ลูกข่าย,05436,รพ.สต.บ้านหว้านพัฒนา,V11:ฉีดวัคซีนป้องกันโรคป้องกันโรคไข้หวัดใหญ่ตามฤดูกาล(7กลุ่มเสี่ยง),ฉีด,874
เขต 7 ขอนแก่น,28017,ลูกข่าย,05436,รพ.สต.บ้านหว้านพัฒนา,V11:ฉีดวัคซีนป้องกันโรคป้องกันโรคไข้หวัดใหญ่ตามฤดูกาล(7กลุ่มเสี่ยง),เป้าหมาย(รายหน่วย),927
เขต 7 ขอนแก่น,28017,ลูกข่าย,05436,รพ.สต.บ้านหว้านพัฒนา,V11:ฉีดวัคซีนป้องกันโรคป้องกันโรคไข้หวัดใหญ่ตามฤดูกาล(7กลุ่มเสี่ยง),เป้าหมาย(ทั้งหมด),0
เขต 7 ขอนแก่น,28017,ลูกข่าย,05437,รพ.สต.บ้านภูแล่นช้าง,V11:ฉีดวัคซีนป้องกันโรคป้องกันโรคไข้หวัดใหญ่ตามฤดูกาล(7กลุ่มเสี่ยง),ฉีด,692
เขต 7 ขอนแก่น,28017,ลูกข่าย,05437,รพ.สต.บ้านภูแล่นช้าง,V11:ฉีดวัคซีนป้องกันโรคป้องกันโรคไข้หวัดใหญ่ตามฤดูกาล(7กลุ่มเสี่ยง),เป้าหมาย(รายหน่วย),805
เขต 7 ขอนแก่น,28017,ลูกข่าย,05437,รพ.สต.บ้านภูแล่นช้าง,V11:ฉีดวัคซีนป้องกันโรคป้องกันโรคไข้หวัดใหญ่ตามฤดูกาล(7กลุ่มเสี่ยง),เป้าหมาย(ทั้งหมด),0
เขต 7 ขอนแก่น,28789,แม่ข่าย,28789,รพ.ฆ้องชัย,V11:ฉีดวัคซีนป้องกันโรคป้องกันโรคไข้หวัดใหญ่ตามฤดูกาล(7กลุ่มเสี่ยง),ฉีด,411
เขต 7 ขอนแก่น,28789,แม่ข่าย,28789,รพ.ฆ้องชัย,V11:ฉีดวัคซีนป้องกันโรคป้องกันโรคไข้หวัดใหญ่ตามฤดูกาล(7กลุ่มเสี่ยง),เป้าหมาย(รายหน่วย),410
เขต 7 ขอนแก่น,28789,แม่ข่าย,28789,รพ.ฆ้องชัย,V11:ฉีดวัคซีนป้องกันโรคป้องกันโรคไข้หวัดใหญ่ตามฤดูกาล(7กลุ่มเสี่ยง),เป้าหมาย(ทั้งหมด),3600
เขต 7 ขอนแก่น,28789,ลูกข่าย,05322,รพ.สต.บ้านโนนเขวา,V11:ฉีดวัคซีนป้องกันโรคป้องกันโรคไข้หวัดใหญ่ตามฤดูกาล(7กลุ่มเสี่ยง),ฉีด,435
เขต 7 ขอนแก่น,28789,ลูกข่าย,05322,รพ.สต.บ้านโนนเขวา,V11:ฉีดวัคซีนป้องกันโรคป้องกันโรคไข้หวัดใหญ่ตามฤดูกาล(7กลุ่มเสี่ยง),เป้าหมาย(รายหน่วย),450
เขต 7 ขอนแก่น,28789,ลูกข่าย,05322,รพ.สต.บ้านโนนเขวา,V11:ฉีดวัคซีนป้องกันโรคป้องกันโรคไข้หวัดใหญ่ตามฤดูกาล(7กลุ่มเสี่ยง),เป้าหมาย(ทั้งหมด),0
เขต 7 ขอนแก่น,28789,ลูกข่าย,05323,รพ.สต.บ้านโนนทัน,V11:ฉีดวัคซีนป้องกันโรคป้องกันโรคไข้หวัดใหญ่ตามฤดูกาล(7กลุ่มเสี่ยง),ฉีด,417
เขต 7 ขอนแก่น,28789,ลูกข่าย,05323,รพ.สต.บ้านโนนทัน,V11:ฉีดวัคซีนป้องกันโรคป้องกันโรคไข้หวัดใหญ่ตามฤดูกาล(7กลุ่มเสี่ยง),เป้าหมาย(รายหน่วย),500
เขต 7 ขอนแก่น,28789,ลูกข่าย,05323,รพ.สต.บ้านโนนทัน,V11:ฉีดวัคซีนป้องกันโรคป้องกันโรคไข้หวัดใหญ่ตามฤดูกาล(7กลุ่มเสี่ยง),เป้าหมาย(ทั้งหมด),0
เขต 7 ขอนแก่น,28789,ลูกข่าย,05324,รพ.สต.บ้านท่าเยื่อม,V11:ฉีดวัคซีนป้องกันโรคป้องกันโรคไข้หวัดใหญ่ตามฤดูกาล(7กลุ่มเสี่ยง),ฉีด,331
เขต 7 ขอนแก่น,28789,ลูกข่าย,05324,รพ.สต.บ้านท่าเยื่อม,V11:ฉีดวัคซีนป้องกันโรคป้องกันโรคไข้หวัดใหญ่ตามฤดูกาล(7กลุ่มเสี่ยง),เป้าหมาย(รายหน่วย),400
เขต 7 ขอนแก่น,28789,ลูกข่าย,05324,รพ.สต.บ้านท่าเยื่อม,V11:ฉีดวัคซีนป้องกันโรคป้องกันโรคไข้หวัดใหญ่ตามฤดูกาล(7กลุ่มเสี่ยง),เป้าหมาย(ทั้งหมด),0
เขต 7 ขอนแก่น,28789,ลูกข่าย,05325,รพ.สต.บ้านโนนแดง,V11:ฉีดวัคซีนป้องกันโรคป้องกันโรคไข้หวัดใหญ่ตามฤดูกาล(7กลุ่มเสี่ยง),ฉีด,282
เขต 7 ขอนแก่น,28789,ลูกข่าย,05325,รพ.สต.บ้านโนนแดง,V11:ฉีดวัคซีนป้องกันโรคป้องกันโรคไข้หวัดใหญ่ตามฤดูกาล(7กลุ่มเสี่ยง),เป้าหมาย(รายหน่วย),400
เขต 7 ขอนแก่น,28789,ลูกข่าย,05325,รพ.สต.บ้านโนนแดง,V11:ฉีดวัคซีนป้องกันโรคป้องกันโรคไข้หวัดใหญ่ตามฤดูกาล(7กลุ่มเสี่ยง),เป้าหมาย(ทั้งหมด),0
เขต 7 ขอนแก่น,28789,ลูกข่าย,05327,รพ.สต.บ้านหนองบัว,V11:ฉีดวัคซีนป้องกันโรคป้องกันโรคไข้หวัดใหญ่ตามฤดูกาล(7กลุ่มเสี่ยง),ฉีด,473
เขต 7 ขอนแก่น,28789,ลูกข่าย,05327,รพ.สต.บ้านหนองบัว,V11:ฉีดวัคซีนป้องกันโรคป้องกันโรคไข้หวัดใหญ่ตามฤดูกาล(7กลุ่มเสี่ยง),เป้าหมาย(รายหน่วย),470
เขต 7 ขอนแก่น,28789,ลูกข่าย,05327,รพ.สต.บ้านหนองบัว,V11:ฉีดวัคซีนป้องกันโรคป้องกันโรคไข้หวัดใหญ่ตามฤดูกาล(7กลุ่มเสี่ยง),เป้าหมาย(ทั้งหมด),0
เขต 7 ขอนแก่น,28789,ลูกข่าย,05328,รพ.สต.บ้านโคกประสิทธิ์,V11:ฉีดวัคซีนป้องกันโรคป้องกันโรคไข้หวัดใหญ่ตามฤดูกาล(7กลุ่มเสี่ยง),ฉีด,460
เขต 7 ขอนแก่น,28789,ลูกข่าย,05328,รพ.สต.บ้านโคกประสิทธิ์,V11:ฉีดวัคซีนป้องกันโรคป้องกันโรคไข้หวัดใหญ่ตามฤดูกาล(7กลุ่มเสี่ยง),เป้าหมาย(รายหน่วย),470
เขต 7 ขอนแก่น,28789,ลูกข่าย,05328,รพ.สต.บ้านโคกประสิทธิ์,V11:ฉีดวัคซีนป้องกันโรคป้องกันโรคไข้หวัดใหญ่ตามฤดูกาล(7กลุ่มเสี่ยง),เป้าหมาย(ทั้งหมด),0
เขต 7 ขอนแก่น,28789,ลูกข่าย,05332,รพ.สต.บ้านโนนศิลา(บ้านโนนศิลาเลิง),V11:ฉีดวัคซีนป้องกันโรคป้องกันโรคไข้หวัดใหญ่ตามฤดูกาล(7กลุ่มเสี่ยง),ฉีด,501
เขต 7 ขอนแก่น,28789,ลูกข่าย,05332,รพ.สต.บ้านโนนศิลา(บ้านโนนศิลาเลิง),V11:ฉีดวัคซีนป้องกันโรคป้องกันโรคไข้หวัดใหญ่ตามฤดูกาล(7กลุ่มเสี่ยง),เป้าหมาย(รายหน่วย),500
เขต 7 ขอนแก่น,28789,ลูกข่าย,05332,รพ.สต.บ้านโนนศิลา(บ้านโนนศิลาเลิง),V11:ฉีดวัคซีนป้องกันโรคป้องกันโรคไข้หวัดใหญ่ตามฤดูกาล(7กลุ่มเสี่ยง),เป้าหมาย(ทั้งหมด),0
เขต 7 ขอนแก่น,28790,แม่ข่าย,28790,รพ.ดอนจาน,V11:ฉีดวัคซีนป้องกันโรคป้องกันโรคไข้หวัดใหญ่ตามฤดูกาล(7กลุ่มเสี่ยง),ฉีด,368
เขต 7 ขอนแก่น,28790,แม่ข่าย,28790,รพ.ดอนจาน,V11:ฉีดวัคซีนป้องกันโรคป้องกันโรคไข้หวัดใหญ่ตามฤดูกาล(7กลุ่มเสี่ยง),เป้าหมาย(รายหน่วย),398
เขต 7 ขอนแก่น,28790,แม่ข่าย,28790,รพ.ดอนจาน,V11:ฉีดวัคซีนป้องกันโรคป้องกันโรคไข้หวัดใหญ่ตามฤดูกาล(7กลุ่มเสี่ยง),เป้าหมาย(ทั้งหมด),2750
เขต 7 ขอนแก่น,28790,ลูกข่าย,05438,รพ.สต.บ้านกุดครอง,V11:ฉีดวัคซีนป้องกันโรคป้องกันโรคไข้หวัดใหญ่ตามฤดูกาล(7กลุ่มเสี่ยง),ฉีด,392
เขต 7 ขอนแก่น,28790,ลูกข่าย,05438,รพ.สต.บ้านกุดครอง,V11:ฉีดวัคซีนป้องกันโรคป้องกันโรคไข้หวัดใหญ่ตามฤดูกาล(7กลุ่มเสี่ยง),เป้าหมาย(รายหน่วย),392
เขต 7 ขอนแก่น,28790,ลูกข่าย,05438,รพ.สต.บ้านกุดครอง,V11:ฉีดวัคซีนป้องกันโรคป้องกันโรคไข้หวัดใหญ่ตามฤดูกาล(7กลุ่มเสี่ยง),เป้าหมาย(ทั้งหมด),0
เขต 7 ขอนแก่น,28790,ลูกข่าย,05439,รพ.สต.บ้านสะอาดไชยศรี,V11:ฉีดวัคซีนป้องกันโรคป้องกันโรคไข้หวัดใหญ่ตามฤดูกาล(7กลุ่มเสี่ยง),ฉีด,326
เขต 7 ขอนแก่น,28790,ลูกข่าย,05439,รพ.สต.บ้านสะอาดไชยศรี,V11:ฉีดวัคซีนป้องกันโรคป้องกันโรคไข้หวัดใหญ่ตามฤดูกาล(7กลุ่มเสี่ยง),เป้าหมาย(รายหน่วย),392
เขต 7 ขอนแก่น,28790,ลูกข่าย,05439,รพ.สต.บ้านสะอาดไชยศรี,V11:ฉีดวัคซีนป้องกันโรคป้องกันโรคไข้หวัดใหญ่ตามฤดูกาล(7กลุ่มเสี่ยง),เป้าหมาย(ทั้งหมด),0
เขต 7 ขอนแก่น,28790,ลูกข่าย,05440,รพ.สต.บ้านคำหอม (บ้านดงพยุง),V11:ฉีดวัคซีนป้องกันโรคป้องกันโรคไข้หวัดใหญ่ตามฤดูกาล(7กลุ่มเสี่ยง),ฉีด,379
เขต 7 ขอนแก่น,28790,ลูกข่าย,05440,รพ.สต.บ้านคำหอม (บ้านดงพยุง),V11:ฉีดวัคซีนป้องกันโรคป้องกันโรคไข้หวัดใหญ่ตามฤดูกาล(7กลุ่มเสี่ยง),เป้าหมาย(รายหน่วย),392
เขต 7 ขอนแก่น,28790,ลูกข่าย,05440,รพ.สต.บ้านคำหอม (บ้านดงพยุง),V11:ฉีดวัคซีนป้องกันโรคป้องกันโรคไข้หวัดใหญ่ตามฤดูกาล(7กลุ่มเสี่ยง),เป้าหมาย(ทั้งหมด),0
เขต 7 ขอนแก่น,28790,ลูกข่าย,05441,รพ.สต.บ้านม่วงนา,V11:ฉีดวัคซีนป้องกันโรคป้องกันโรคไข้หวัดใหญ่ตามฤดูกาล(7กลุ่มเสี่ยง),ฉีด,380
เขต 7 ขอนแก่น,28790,ลูกข่าย,05441,รพ.สต.บ้านม่วงนา,V11:ฉีดวัคซีนป้องกันโรคป้องกันโรคไข้หวัดใหญ่ตามฤดูกาล(7กลุ่มเสี่ยง),เป้าหมาย(รายหน่วย),392
เขต 7 ขอนแก่น,28790,ลูกข่าย,05441,รพ.สต.บ้านม่วงนา,V11:ฉีดวัคซีนป้องกันโรคป้องกันโรคไข้หวัดใหญ่ตามฤดูกาล(7กลุ่มเสี่ยง),เป้าหมาย(ทั้งหมด),0
เขต 7 ขอนแก่น,28790,ลูกข่าย,05442,รพ.สต.บ้านนาจำปา,V11:ฉีดวัคซีนป้องกันโรคป้องกันโรคไข้หวัดใหญ่ตามฤดูกาล(7กลุ่มเสี่ยง),ฉีด,315
เขต 7 ขอนแก่น,28790,ลูกข่าย,05442,รพ.สต.บ้านนาจำปา,V11:ฉีดวัคซีนป้องกันโรคป้องกันโรคไข้หวัดใหญ่ตามฤดูกาล(7กลุ่มเสี่ยง),เป้าหมาย(รายหน่วย),392
เขต 7 ขอนแก่น,28790,ลูกข่าย,05442,รพ.สต.บ้านนาจำปา,V11:ฉีดวัคซีนป้องกันโรคป้องกันโรคไข้หวัดใหญ่ตามฤดูกาล(7กลุ่มเสี่ยง),เป้าหมาย(ทั้งหมด),0
เขต 7 ขอนแก่น,28790,ลูกข่าย,23219,รพ.สต.หนองแวงแสน,V11:ฉีดวัคซีนป้องกันโรคป้องกันโรคไข้หวัดใหญ่ตามฤดูกาล(7กลุ่มเสี่ยง),ฉีด,397
เขต 7 ขอนแก่น,28790,ลูกข่าย,23219,รพ.สต.หนองแวงแสน,V11:ฉีดวัคซีนป้องกันโรคป้องกันโรคไข้หวัดใหญ่ตามฤดูกาล(7กลุ่มเสี่ยง),เป้าหมาย(รายหน่วย),392
เขต 7 ขอนแก่น,28790,ลูกข่าย,23219,รพ.สต.หนองแวงแสน,V11:ฉีดวัคซีนป้องกันโรคป้องกันโรคไข้หวัดใหญ่ตามฤดูกาล(7กลุ่มเสี่ยง),เป้าหมาย(ทั้งหมด),0
เขต 7 ขอนแก่น,28791,แม่ข่าย,28791,รพ.สามชัย,V11:ฉีดวัคซีนป้องกันโรคป้องกันโรคไข้หวัดใหญ่ตามฤดูกาล(7กลุ่มเสี่ยง),ฉีด,195
เขต 7 ขอนแก่น,28791,แม่ข่าย,28791,รพ.สามชัย,V11:ฉีดวัคซีนป้องกันโรคป้องกันโรคไข้หวัดใหญ่ตามฤดูกาล(7กลุ่มเสี่ยง),เป้าหมาย(รายหน่วย),200
เขต 7 ขอนแก่น,28791,แม่ข่าย,28791,รพ.สามชัย,V11:ฉีดวัคซีนป้องกันโรคป้องกันโรคไข้หวัดใหญ่ตามฤดูกาล(7กลุ่มเสี่ยง),เป้าหมาย(ทั้งหมด),2550
เขต 7 ขอนแก่น,28791,ลูกข่าย,05426,รพ.สต.บ้านหนองแซง,V11:ฉีดวัคซีนป้องกันโรคป้องกันโรคไข้หวัดใหญ่ตามฤดูกาล(7กลุ่มเสี่ยง),ฉีด,0
เขต 7 ขอนแก่น,28791,ลูกข่าย,05426,รพ.สต.บ้านหนองแซง,V11:ฉีดวัคซีนป้องกันโรคป้องกันโรคไข้หวัดใหญ่ตามฤดูกาล(7กลุ่มเสี่ยง),เป้าหมาย(รายหน่วย),600
เขต 7 ขอนแก่น,28791,ลูกข่าย,05426,รพ.สต.บ้านหนองแซง,V11:ฉีดวัคซีนป้องกันโรคป้องกันโรคไข้หวัดใหญ่ตามฤดูกาล(7กลุ่มเสี่ยง),เป้าหมาย(ทั้งหมด),0
เขต 7 ขอนแก่น,28791,ลูกข่าย,05427,รพ.สต.บ้านหนองแสง,V11:ฉีดวัคซีนป้องกันโรคป้องกันโรคไข้หวัดใหญ่ตามฤดูกาล(7กลุ่มเสี่ยง),ฉีด,296
เขต 7 ขอนแก่น,28791,ลูกข่าย,05427,รพ.สต.บ้านหนองแสง,V11:ฉีดวัคซีนป้องกันโรคป้องกันโรคไข้หวัดใหญ่ตามฤดูกาล(7กลุ่มเสี่ยง),เป้าหมาย(รายหน่วย),400
เขต 7 ขอนแก่น,28791,ลูกข่าย,05427,รพ.สต.บ้านหนองแสง,V11:ฉีดวัคซีนป้องกันโรคป้องกันโรคไข้หวัดใหญ่ตามฤดูกาล(7กลุ่มเสี่ยง),เป้าหมาย(ทั้งหมด),0
เขต 7 ขอนแก่น,28791,ลูกข่าย,05428,รพ.สต.บ้านหนองกุงน้อย,V11:ฉีดวัคซีนป้องกันโรคป้องกันโรคไข้หวัดใหญ่ตามฤดูกาล(7กลุ่มเสี่ยง),ฉีด,378
เขต 7 ขอนแก่น,28791,ลูกข่าย,05428,รพ.สต.บ้านหนองกุงน้อย,V11:ฉีดวัคซีนป้องกันโรคป้องกันโรคไข้หวัดใหญ่ตามฤดูกาล(7กลุ่มเสี่ยง),เป้าหมาย(รายหน่วย),400
เขต 7 ขอนแก่น,28791,ลูกข่าย,05428,รพ.สต.บ้านหนองกุงน้อย,V11:ฉีดวัคซีนป้องกันโรคป้องกันโรคไข้หวัดใหญ่ตามฤดูกาล(7กลุ่มเสี่ยง),เป้าหมาย(ทั้งหมด),0
เขต 7 ขอนแก่น,28791,ลูกข่าย,05429,รพ.สต.บ้านคำสร้างเที่ยง,V11:ฉีดวัคซีนป้องกันโรคป้องกันโรคไข้หวัดใหญ่ตามฤดูกาล(7กลุ่มเสี่ยง),ฉีด,433
เขต 7 ขอนแก่น,28791,ลูกข่าย,05429,รพ.สต.บ้านคำสร้างเที่ยง,V11:ฉีดวัคซีนป้องกันโรคป้องกันโรคไข้หวัดใหญ่ตามฤดูกาล(7กลุ่มเสี่ยง),เป้าหมาย(รายหน่วย),450
เขต 7 ขอนแก่น,28791,ลูกข่าย,05429,รพ.สต.บ้านคำสร้างเที่ยง,V11:ฉีดวัคซีนป้องกันโรคป้องกันโรคไข้หวัดใหญ่ตามฤดูกาล(7กลุ่มเสี่ยง),เป้าหมาย(ทั้งหมด),0
เขต 7 ขอนแก่น,28791,ลูกข่าย,05430,รพ.สต.บ้านหนองช้าง (บ้านจาน),V11:ฉีดวัคซีนป้องกันโรคป้องกันโรคไข้หวัดใหญ่ตามฤดูกาล(7กลุ่มเสี่ยง),ฉีด,403
เขต 7 ขอนแก่น,28791,ลูกข่าย,05430,รพ.สต.บ้านหนองช้าง (บ้านจาน),V11:ฉีดวัคซีนป้องกันโรคป้องกันโรคไข้หวัดใหญ่ตามฤดูกาล(7กลุ่มเสี่ยง),เป้าหมาย(รายหน่วย),500
เขต 7 ขอนแก่น,28791,ลูกข่าย,05430,รพ.สต.บ้านหนองช้าง (บ้านจาน),V11:ฉีดวัคซีนป้องกันโรคป้องกันโรคไข้หวัดใหญ่ตามฤดูกาล(7กลุ่มเสี่ยง),เป้าหมาย(ทั้งหมด),0
